geração,Id_Barra,Nome_Barra,Tamanho Geometrico (cm),Tamanho de Corte (cm),Fitness,No1_X,No1_Y,No2_X,No2_Y,Estado
1,1,AB,11.8283,13.8283,0.0,0.0,0.0,11.8283,0.0,Neutra
1,2,BC,9.4725,13.4725,0.0,11.8283,0.0,21.3008,0.0,Tensionada
1,3,CD,9.4725,13.4725,0.0,21.3008,0.0,30.7733,0.0,Tensionada
1,4,DE,11.8283,13.8283,0.0,30.7733,0.0,42.6016,0.0,Neutra
1,5,FG,12.2152,16.2152,0.0,0.0,6.9459,11.8283,3.8959,Comprimida
1,6,GH,9.5496,13.5496,0.0,11.8283,3.8959,21.3008,5.1068,Comprimida
1,7,HI,9.5496,13.5496,0.0,21.3008,5.1068,30.7733,3.8959,Comprimida
1,8,IJ,12.2152,16.2152,0.0,30.7733,3.8959,42.6016,6.9459,Comprimida
1,9,AF,6.9459,8.9459,0.0,0.0,0.0,0.0,6.9459,Comprimida
1,10,GB,3.8959,7.8959,0.0,11.8283,3.8959,11.8283,0.0,Comprimida
1,11,HC,5.1068,9.1068,0.0,21.3008,5.1068,21.3008,0.0,Tensionada
1,12,ID,3.8959,7.8959,0.0,30.7733,3.8959,30.7733,0.0,Comprimida
1,13,EJ,6.9459,8.9459,0.0,42.6016,0.0,42.6016,6.9459,Comprimida
1,14,FB,13.717,17.717,0.0,0.0,6.9459,11.8283,0.0,Tensionada
1,15,GC,10.2424,14.2424,0.0,11.8283,3.8959,21.3008,0.0,Tensionada
1,16,IC,10.2424,14.2424,0.0,30.7733,3.8959,21.3008,0.0,Tensionada
1,17,JD,13.717,17.717,0.0,42.6016,6.9459,30.7733,0.0,Tensionada
2,1,AB,12.0,14.0,0.0,0.0,0.0,12.0,0.0,Neutra
2,2,BC,9.9337,13.9337,0.0,12.0,0.0,21.9337,0.0,Tensionada
2,3,CD,9.9337,13.9337,0.0,21.9337,0.0,31.8675,0.0,Tensionada
2,4,DE,12.0,14.0,0.0,31.8675,0.0,43.8675,0.0,Neutra
2,5,FG,12.052,16.052,0.0,0.0,6.301,12.0,5.1828,Comprimida
2,6,GH,10.0713,14.0713,0.0,12.0,5.1828,21.9337,3.524,Comprimida
2,7,HI,10.0713,14.0713,0.0,21.9337,3.524,31.8675,5.1828,Comprimida
2,8,IJ,12.052,16.052,0.0,31.8675,5.1828,43.8675,6.301,Comprimida
2,9,AF,6.301,8.301,0.0,0.0,0.0,0.0,6.301,Comprimida
2,10,GB,5.1828,9.1828,0.0,12.0,5.1828,12.0,0.0,Comprimida
2,11,HC,3.524,7.524,0.0,21.9337,3.524,21.9337,0.0,Comprimida
2,12,ID,5.1828,9.1828,0.0,31.8675,5.1828,31.8675,0.0,Comprimida
2,13,EJ,6.301,8.301,0.0,43.8675,0.0,43.8675,6.301,Comprimida
2,14,FB,13.5537,17.5537,0.0,0.0,6.301,12.0,0.0,Tensionada
2,15,GC,11.2045,15.2045,0.0,12.0,5.1828,21.9337,0.0,Tensionada
2,16,IC,11.2045,15.2045,0.0,31.8675,5.1828,21.9337,0.0,Tensionada
2,17,JD,13.5537,17.5537,0.0,43.8675,6.301,31.8675,0.0,Tensionada
3,1,AB,12.0,14.0,0.0,0.0,0.0,12.0,0.0,Neutra
3,2,BC,9.6901,13.6901,0.0,12.0,0.0,21.6901,0.0,Tensionada
3,3,CD,9.6901,13.6901,0.0,21.6901,0.0,31.3801,0.0,Tensionada
3,4,DE,12.0,14.0,0.0,31.3801,0.0,43.3801,0.0,Neutra
3,5,FG,12.0393,16.0393,0.0,0.0,6.1942,12.0,5.2218,Comprimida
3,6,GH,9.7511,13.7511,0.0,12.0,5.2218,21.6901,6.3109,Comprimida
3,7,HI,9.7511,13.7511,0.0,21.6901,6.3109,31.3801,5.2218,Comprimida
3,8,IJ,12.0393,16.0393,0.0,31.3801,5.2218,43.3801,6.1942,Comprimida
3,9,AF,6.1942,8.1942,0.0,0.0,0.0,0.0,6.1942,Comprimida
3,10,GB,5.2218,9.2218,0.0,12.0,5.2218,12.0,0.0,Comprimida
3,11,HC,6.3109,10.3109,0.0,21.6901,6.3109,21.6901,0.0,Tensionada
3,12,ID,5.2218,9.2218,0.0,31.3801,5.2218,31.3801,0.0,Comprimida
3,13,EJ,6.1942,8.1942,0.0,43.3801,0.0,43.3801,6.1942,Comprimida
3,14,FB,13.5044,17.5044,0.0,0.0,6.1942,12.0,0.0,Tensionada
3,15,GC,11.0075,15.0075,0.0,12.0,5.2218,21.6901,0.0,Tensionada
3,16,IC,11.0075,15.0075,0.0,31.3801,5.2218,21.6901,0.0,Tensionada
3,17,JD,13.5044,17.5044,0.0,43.3801,6.1942,31.3801,0.0,Tensionada
4,1,AB,11.7109,13.7109,0.0,0.0,0.0,11.7109,0.0,Neutra
4,2,BC,9.8784,13.8784,0.0,11.7109,0.0,21.5893,0.0,Tensionada
4,3,CD,9.8784,13.8784,0.0,21.5893,0.0,31.4677,0.0,Tensionada
4,4,DE,11.7109,13.7109,0.0,31.4677,0.0,43.1786,0.0,Neutra
4,5,FG,11.7344,15.7344,0.0,0.0,5.1197,11.7109,5.8628,Comprimida
4,6,GH,10.0374,14.0374,0.0,11.7109,5.8628,21.5893,4.0836,Comprimida
4,7,HI,10.0374,14.0374,0.0,21.5893,4.0836,31.4677,5.8628,Comprimida
4,8,IJ,11.7344,15.7344,0.0,31.4677,5.8628,43.1786,5.1197,Comprimida
4,9,AF,5.1197,7.1197,0.0,0.0,0.0,0.0,5.1197,Comprimida
4,10,GB,5.8628,9.8628,0.0,11.7109,5.8628,11.7109,0.0,Comprimida
4,11,HC,4.0836,8.0836,0.0,21.5893,4.0836,21.5893,0.0,Comprimida
4,12,ID,5.8628,9.8628,0.0,31.4677,5.8628,31.4677,0.0,Comprimida
4,13,EJ,5.1197,7.1197,0.0,43.1786,0.0,43.1786,5.1197,Comprimida
4,14,FB,12.7811,16.7811,0.0,0.0,5.1197,11.7109,0.0,Tensionada
4,15,GC,11.4872,15.4872,0.0,11.7109,5.8628,21.5893,0.0,Tensionada
4,16,IC,11.4872,15.4872,0.0,31.4677,5.8628,21.5893,0.0,Tensionada
4,17,JD,12.7811,16.7811,0.0,43.1786,5.1197,31.4677,0.0,Tensionada
5,1,AB,12.0,14.0,0.0,0.0,0.0,12.0,0.0,Neutra
5,2,BC,9.6046,13.6046,0.0,12.0,0.0,21.6046,0.0,Tensionada
5,3,CD,9.6046,13.6046,0.0,21.6046,0.0,31.2093,0.0,Tensionada
5,4,DE,12.0,14.0,0.0,31.2093,0.0,43.2093,0.0,Neutra
5,5,FG,12.1774,16.1774,0.0,0.0,4.5823,12.0,6.6535,Comprimida
5,6,GH,9.669,13.669,0.0,12.0,6.6535,21.6046,5.5397,Comprimida
5,7,HI,9.669,13.669,0.0,21.6046,5.5397,31.2093,6.6535,Comprimida
5,8,IJ,12.1774,16.1774,0.0,31.2093,6.6535,43.2093,4.5823,Comprimida
5,9,AF,4.5823,6.5823,0.0,0.0,0.0,0.0,4.5823,Comprimida
5,10,GB,6.6535,10.6535,0.0,12.0,6.6535,12.0,0.0,Comprimida
5,11,HC,5.5397,9.5397,0.0,21.6046,5.5397,21.6046,0.0,Comprimida
5,12,ID,6.6535,10.6535,0.0,31.2093,6.6535,31.2093,0.0,Comprimida
5,13,EJ,4.5823,6.5823,0.0,43.2093,0.0,43.2093,4.5823,Comprimida
5,14,FB,12.8451,16.8451,0.0,0.0,4.5823,12.0,0.0,Tensionada
5,15,GC,11.6841,15.6841,0.0,12.0,6.6535,21.6046,0.0,Tensionada
5,16,IC,11.6841,15.6841,0.0,31.2093,6.6535,21.6046,0.0,Tensionada
5,17,JD,12.8451,16.8451,0.0,43.2093,4.5823,31.2093,0.0,Tensionada
6,1,AB,12.0,14.0,0.0,0.0,0.0,12.0,0.0,Neutra
6,2,BC,9.8616,13.8616,0.0,12.0,0.0,21.8616,0.0,Tensionada
6,3,CD,9.8616,13.8616,0.0,21.8616,0.0,31.7233,0.0,Tensionada
6,4,DE,12.0,14.0,0.0,31.7233,0.0,43.7233,0.0,Neutra
6,5,FG,12.0289,16.0289,0.0,0.0,6.5829,12.0,5.7491,Comprimida
6,6,GH,9.8795,13.8795,0.0,12.0,5.7491,21.8616,6.3426,Comprimida
6,7,HI,9.8795,13.8795,0.0,21.8616,6.3426,31.7233,5.7491,Comprimida
6,8,IJ,12.0289,16.0289,0.0,31.7233,5.7491,43.7233,6.5829,Comprimida
6,9,AF,6.5829,8.5829,0.0,0.0,0.0,0.0,6.5829,Comprimida
6,10,GB,5.7491,9.7491,0.0,12.0,5.7491,12.0,0.0,Comprimida
6,11,HC,6.3426,10.3426,0.0,21.8616,6.3426,21.8616,0.0,Tensionada
6,12,ID,5.7491,9.7491,0.0,31.7233,5.7491,31.7233,0.0,Comprimida
6,13,EJ,6.5829,8.5829,0.0,43.7233,0.0,43.7233,6.5829,Comprimida
6,14,FB,13.687,17.687,0.0,0.0,6.5829,12.0,0.0,Tensionada
6,15,GC,11.4151,15.4151,0.0,12.0,5.7491,21.8616,0.0,Tensionada
6,16,IC,11.4151,15.4151,0.0,31.7233,5.7491,21.8616,0.0,Tensionada
6,17,JD,13.687,17.687,0.0,43.7233,6.5829,31.7233,0.0,Tensionada
7,1,AB,11.9599,13.9599,0.0,0.0,0.0,11.9599,0.0,Neutra
7,2,BC,9.6228,13.6228,0.0,11.9599,0.0,21.5827,0.0,Tensionada
7,3,CD,9.6228,13.6228,0.0,21.5827,0.0,31.2056,0.0,Tensionada
7,4,DE,11.9599,13.9599,0.0,31.2056,0.0,43.1654,0.0,Neutra
7,5,FG,12.0163,16.0163,0.0,0.0,6.5002,11.9599,5.3375,Comprimida
7,6,GH,9.6821,13.6821,0.0,11.9599,5.3375,21.5827,6.4071,Comprimida
7,7,HI,9.6821,13.6821,0.0,21.5827,6.4071,31.2056,5.3375,Comprimida
7,8,IJ,12.0163,16.0163,0.0,31.2056,5.3375,43.1654,6.5002,Comprimida
7,9,AF,6.5002,8.5002,0.0,0.0,0.0,0.0,6.5002,Comprimida
7,10,GB,5.3375,9.3375,0.0,11.9599,5.3375,11.9599,0.0,Comprimida
7,11,HC,6.4071,10.4071,0.0,21.5827,6.4071,21.5827,0.0,Tensionada
7,12,ID,5.3375,9.3375,0.0,31.2056,5.3375,31.2056,0.0,Comprimida
7,13,EJ,6.5002,8.5002,0.0,43.1654,0.0,43.1654,6.5002,Comprimida
7,14,FB,13.6122,17.6122,0.0,0.0,6.5002,11.9599,0.0,Tensionada
7,15,GC,11.004,15.004,0.0,11.9599,5.3375,21.5827,0.0,Tensionada
7,16,IC,11.004,15.004,0.0,31.2056,5.3375,21.5827,0.0,Tensionada
7,17,JD,13.6122,17.6122,0.0,43.1654,6.5002,31.2056,0.0,Tensionada
8,1,AB,11.8525,13.8525,0.0,0.0,0.0,11.8525,0.0,Neutra
8,2,BC,9.5859,13.5859,0.0,11.8525,0.0,21.4384,0.0,Tensionada
8,3,CD,9.5859,13.5859,0.0,21.4384,0.0,31.0243,0.0,Tensionada
8,4,DE,11.8525,13.8525,0.0,31.0243,0.0,42.8768,0.0,Neutra
8,5,FG,11.8847,15.8847,0.0,0.0,6.2717,11.8525,5.3974,Comprimida
8,6,GH,9.586,13.586,0.0,11.8525,5.3974,21.4384,5.3507,Comprimida
8,7,HI,9.586,13.586,0.0,21.4384,5.3507,31.0243,5.3974,Comprimida
8,8,IJ,11.8847,15.8847,0.0,31.0243,5.3974,42.8768,6.2717,Comprimida
8,9,AF,6.2717,8.2717,0.0,0.0,0.0,0.0,6.2717,Comprimida
8,10,GB,5.3974,9.3974,0.0,11.8525,5.3974,11.8525,0.0,Comprimida
8,11,HC,5.3507,9.3507,0.0,21.4384,5.3507,21.4384,0.0,Comprimida
8,12,ID,5.3974,9.3974,0.0,31.0243,5.3974,31.0243,0.0,Comprimida
8,13,EJ,6.2717,8.2717,0.0,42.8768,0.0,42.8768,6.2717,Comprimida
8,14,FB,13.4096,17.4096,0.0,0.0,6.2717,11.8525,0.0,Tensionada
8,15,GC,11.001,15.001,0.0,11.8525,5.3974,21.4384,0.0,Tensionada
8,16,IC,11.001,15.001,0.0,31.0243,5.3974,21.4384,0.0,Tensionada
8,17,JD,13.4096,17.4096,0.0,42.8768,6.2717,31.0243,0.0,Tensionada
9,1,AB,11.6753,13.6753,0.0,0.0,0.0,11.6753,0.0,Neutra
9,2,BC,9.6811,13.6811,0.0,11.6753,0.0,21.3564,0.0,Tensionada
9,3,CD,9.6811,13.6811,0.0,21.3564,0.0,31.0375,0.0,Tensionada
9,4,DE,11.6753,13.6753,0.0,31.0375,0.0,42.7128,0.0,Neutra
9,5,FG,11.6846,15.6846,0.0,0.0,5.784,11.6753,5.3165,Comprimida
9,6,GH,9.7126,13.7126,0.0,11.6753,5.3165,21.3564,4.5348,Comprimida
9,7,HI,9.7126,13.7126,0.0,21.3564,4.5348,31.0375,5.3165,Comprimida
9,8,IJ,11.6846,15.6846,0.0,31.0375,5.3165,42.7128,5.784,Comprimida
9,9,AF,5.784,7.784,0.0,0.0,0.0,0.0,5.784,Comprimida
9,10,GB,5.3165,9.3165,0.0,11.6753,5.3165,11.6753,0.0,Comprimida
9,11,HC,4.5348,8.5348,0.0,21.3564,4.5348,21.3564,0.0,Comprimida
9,12,ID,5.3165,9.3165,0.0,31.0375,5.3165,31.0375,0.0,Comprimida
9,13,EJ,5.784,7.784,0.0,42.7128,0.0,42.7128,5.784,Comprimida
9,14,FB,13.0295,17.0295,0.0,0.0,5.784,11.6753,0.0,Tensionada
9,15,GC,11.0449,15.0449,0.0,11.6753,5.3165,21.3564,0.0,Tensionada
9,16,IC,11.0449,15.0449,0.0,31.0375,5.3165,21.3564,0.0,Tensionada
9,17,JD,13.0295,17.0295,0.0,42.7128,5.784,31.0375,0.0,Tensionada
10,1,AB,11.9042,13.9042,0.0,0.0,0.0,11.9042,0.0,Neutra
10,2,BC,9.593,13.593,0.0,11.9042,0.0,21.4972,0.0,Tensionada
10,3,CD,9.593,13.593,0.0,21.4972,0.0,31.0902,0.0,Tensionada
10,4,DE,11.9042,13.9042,0.0,31.0902,0.0,42.9944,0.0,Neutra
10,5,FG,11.9291,15.9291,0.0,0.0,6.3651,11.9042,5.5934,Comprimida
10,6,GH,9.6097,13.6097,0.0,11.9042,5.5934,21.4972,5.028,Comprimida
10,7,HI,9.6097,13.6097,0.0,21.4972,5.028,31.0902,5.5934,Comprimida
10,8,IJ,11.9291,15.9291,0.0,31.0902,5.5934,42.9944,6.3651,Comprimida
10,9,AF,6.3651,8.3651,0.0,0.0,0.0,0.0,6.3651,Comprimida
10,10,GB,5.5934,9.5934,0.0,11.9042,5.5934,11.9042,0.0,Comprimida
10,11,HC,5.028,9.028,0.0,21.4972,5.028,21.4972,0.0,Comprimida
10,12,ID,5.5934,9.5934,0.0,31.0902,5.5934,31.0902,0.0,Comprimida
10,13,EJ,6.3651,8.3651,0.0,42.9944,0.0,42.9944,6.3651,Comprimida
10,14,FB,13.499,17.499,0.0,0.0,6.3651,11.9042,0.0,Tensionada
10,15,GC,11.1046,15.1046,0.0,11.9042,5.5934,21.4972,0.0,Tensionada
10,16,IC,11.1046,15.1046,0.0,31.0902,5.5934,21.4972,0.0,Tensionada
10,17,JD,13.499,17.499,0.0,42.9944,6.3651,31.0902,0.0,Tensionada
11,1,AB,11.894,13.894,0.1158,0.0,0.0,11.894,0.0,Neutra
11,2,BC,9.7386,13.7386,0.1158,11.894,0.0,21.6326,0.0,Tensionada
11,3,CD,9.7386,13.7386,0.1158,21.6326,0.0,31.3712,0.0,Tensionada
11,4,DE,11.894,13.894,0.1158,31.3712,0.0,43.2652,0.0,Neutra
11,5,FG,11.9308,15.9308,0.1158,0.0,6.1636,11.894,5.2276,Comprimida
11,6,GH,9.7515,13.7515,0.1158,11.894,5.2276,21.6326,4.7261,Comprimida
11,7,HI,9.7515,13.7515,0.1158,21.6326,4.7261,31.3712,5.2276,Comprimida
11,8,IJ,11.9308,15.9308,0.1158,31.3712,5.2276,43.2652,6.1636,Comprimida
11,9,AF,6.1636,8.1636,0.1158,0.0,0.0,0.0,6.1636,Comprimida
11,10,GB,5.2276,9.2276,0.1158,11.894,5.2276,11.894,0.0,Comprimida
11,11,HC,4.7261,8.7261,0.1158,21.6326,4.7261,21.6326,0.0,Comprimida
11,12,ID,5.2276,9.2276,0.1158,31.3712,5.2276,31.3712,0.0,Comprimida
11,13,EJ,6.1636,8.1636,0.1158,43.2652,0.0,43.2652,6.1636,Comprimida
11,14,FB,13.3962,17.3962,0.1158,0.0,6.1636,11.894,0.0,Tensionada
11,15,GC,11.053,15.053,0.1158,11.894,5.2276,21.6326,0.0,Tensionada
11,16,IC,11.053,15.053,0.1158,31.3712,5.2276,21.6326,0.0,Tensionada
11,17,JD,13.3962,17.3962,0.1158,43.2652,6.1636,31.3712,0.0,Tensionada
12,1,AB,11.9782,13.9782,0.1531,0.0,0.0,11.9782,0.0,Neutra
12,2,BC,9.9074,13.9074,0.1531,11.9782,0.0,21.8856,0.0,Tensionada
12,3,CD,9.9074,13.9074,0.1531,21.8856,0.0,31.793,0.0,Tensionada
12,4,DE,11.9782,13.9782,0.1531,31.793,0.0,43.7712,0.0,Neutra
12,5,FG,11.9826,15.9826,0.1531,0.0,5.3089,11.9782,4.9831,Comprimida
12,6,GH,9.9186,13.9186,0.1531,11.9782,4.9831,21.8856,5.4546,Comprimida
12,7,HI,9.9186,13.9186,0.1531,21.8856,5.4546,31.793,4.9831,Comprimida
12,8,IJ,11.9826,15.9826,0.1531,31.793,4.9831,43.7712,5.3089,Comprimida
12,9,AF,5.3089,7.3089,0.1531,0.0,0.0,0.0,5.3089,Comprimida
12,10,GB,4.9831,8.9831,0.1531,11.9782,4.9831,11.9782,0.0,Comprimida
12,11,HC,5.4546,9.4546,0.1531,21.8856,5.4546,21.8856,0.0,Tensionada
12,12,ID,4.9831,8.9831,0.1531,31.793,4.9831,31.793,0.0,Comprimida
12,13,EJ,5.3089,7.3089,0.1531,43.7712,0.0,43.7712,5.3089,Comprimida
12,14,FB,13.102,17.102,0.1531,0.0,5.3089,11.9782,0.0,Tensionada
12,15,GC,11.09,15.09,0.1531,11.9782,4.9831,21.8856,0.0,Tensionada
12,16,IC,11.09,15.09,0.1531,31.793,4.9831,21.8856,0.0,Tensionada
12,17,JD,13.102,17.102,0.1531,43.7712,5.3089,31.793,0.0,Tensionada
13,1,AB,11.9668,13.9668,0.1604,0.0,0.0,11.9668,0.0,Neutra
13,2,BC,9.7918,13.7918,0.1604,11.9668,0.0,21.7586,0.0,Tensionada
13,3,CD,9.7918,13.7918,0.1604,21.7586,0.0,31.5504,0.0,Tensionada
13,4,DE,11.9668,13.9668,0.1604,31.5504,0.0,43.5173,0.0,Neutra
13,5,FG,11.9703,15.9703,0.1604,0.0,5.0311,11.9668,4.7425,Comprimida
13,6,GH,9.8622,13.8622,0.1604,11.9668,4.7425,21.7586,5.9186,Comprimida
13,7,HI,9.8622,13.8622,0.1604,21.7586,5.9186,31.5504,4.7425,Comprimida
13,8,IJ,11.9703,15.9703,0.1604,31.5504,4.7425,43.5173,5.0311,Comprimida
13,9,AF,5.0311,7.0311,0.1604,0.0,0.0,0.0,5.0311,Comprimida
13,10,GB,4.7425,8.7425,0.1604,11.9668,4.7425,11.9668,0.0,Comprimida
13,11,HC,5.9186,9.9186,0.1604,21.7586,5.9186,21.7586,0.0,Tensionada
13,12,ID,4.7425,8.7425,0.1604,31.5504,4.7425,31.5504,0.0,Comprimida
13,13,EJ,5.0311,7.0311,0.1604,43.5173,0.0,43.5173,5.0311,Comprimida
13,14,FB,12.9814,16.9814,0.1604,0.0,5.0311,11.9668,0.0,Tensionada
13,15,GC,10.8798,14.8798,0.1604,11.9668,4.7425,21.7586,0.0,Tensionada
13,16,IC,10.8798,14.8798,0.1604,31.5504,4.7425,21.7586,0.0,Tensionada
13,17,JD,12.9814,16.9814,0.1604,43.5173,5.0311,31.5504,0.0,Tensionada
14,1,AB,11.7964,13.7964,0.1623,0.0,0.0,11.7964,0.0,Neutra
14,2,BC,9.7984,13.7984,0.1623,11.7964,0.0,21.5948,0.0,Tensionada
14,3,CD,9.7984,13.7984,0.1623,21.5948,0.0,31.3932,0.0,Tensionada
14,4,DE,11.7964,13.7964,0.1623,31.3932,0.0,43.1896,0.0,Neutra
14,5,FG,11.8236,15.8236,0.1623,0.0,6.0494,11.7964,5.248,Comprimida
14,6,GH,9.7987,13.7987,0.1623,11.7964,5.248,21.5948,5.1714,Comprimida
14,7,HI,9.7987,13.7987,0.1623,21.5948,5.1714,31.3932,5.248,Comprimida
14,8,IJ,11.8236,15.8236,0.1623,31.3932,5.248,43.1896,6.0494,Comprimida
14,9,AF,6.0494,8.0494,0.1623,0.0,0.0,0.0,6.0494,Comprimida
14,10,GB,5.248,9.248,0.1623,11.7964,5.248,11.7964,0.0,Comprimida
14,11,HC,5.1714,9.1714,0.1623,21.5948,5.1714,21.5948,0.0,Comprimida
14,12,ID,5.248,9.248,0.1623,31.3932,5.248,31.3932,0.0,Comprimida
14,13,EJ,6.0494,8.0494,0.1623,43.1896,0.0,43.1896,6.0494,Comprimida
14,14,FB,13.2571,17.2571,0.1623,0.0,6.0494,11.7964,0.0,Tensionada
14,15,GC,11.1153,15.1153,0.1623,11.7964,5.248,21.5948,0.0,Tensionada
14,16,IC,11.1153,15.1153,0.1623,31.3932,5.248,21.5948,0.0,Tensionada
14,17,JD,13.2571,17.2571,0.1623,43.1896,6.0494,31.3932,0.0,Tensionada
15,1,AB,11.8353,13.8353,0.1657,0.0,0.0,11.8353,0.0,Neutra
15,2,BC,9.756,13.756,0.1657,11.8353,0.0,21.5912,0.0,Tensionada
15,3,CD,9.756,13.756,0.1657,21.5912,0.0,31.3472,0.0,Tensionada
15,4,DE,11.8353,13.8353,0.1657,31.3472,0.0,43.1825,0.0,Neutra
15,5,FG,11.8427,15.8427,0.1657,0.0,5.8224,11.8353,5.405,Comprimida
15,6,GH,9.7615,13.7615,0.1657,11.8353,5.405,21.5912,5.075,Comprimida
15,7,HI,9.7615,13.7615,0.1657,21.5912,5.075,31.3472,5.405,Comprimida
15,8,IJ,11.8427,15.8427,0.1657,31.3472,5.405,43.1825,5.8224,Comprimida
15,9,AF,5.8224,7.8224,0.1657,0.0,0.0,0.0,5.8224,Comprimida
15,10,GB,5.405,9.405,0.1657,11.8353,5.405,11.8353,0.0,Comprimida
15,11,HC,5.075,9.075,0.1657,21.5912,5.075,21.5912,0.0,Comprimida
15,12,ID,5.405,9.405,0.1657,31.3472,5.405,31.3472,0.0,Comprimida
15,13,EJ,5.8224,7.8224,0.1657,43.1825,0.0,43.1825,5.8224,Comprimida
15,14,FB,13.1899,17.1899,0.1657,0.0,5.8224,11.8353,0.0,Tensionada
15,15,GC,11.1532,15.1532,0.1657,11.8353,5.405,21.5912,0.0,Tensionada
15,16,IC,11.1532,15.1532,0.1657,31.3472,5.405,21.5912,0.0,Tensionada
15,17,JD,13.1899,17.1899,0.1657,43.1825,5.8224,31.3472,0.0,Tensionada
16,1,AB,11.7849,13.7849,0.1719,0.0,0.0,11.7849,0.0,Neutra
16,2,BC,9.811,13.811,0.1719,11.7849,0.0,21.5959,0.0,Tensionada
16,3,CD,9.811,13.811,0.1719,21.5959,0.0,31.4069,0.0,Tensionada
16,4,DE,11.7849,13.7849,0.1719,31.4069,0.0,43.1918,0.0,Neutra
16,5,FG,11.7955,15.7955,0.1719,0.0,5.9546,11.7849,5.4544,Comprimida
16,6,GH,9.8133,13.8133,0.1719,11.7849,5.4544,21.5959,5.2425,Comprimida
16,7,HI,9.8133,13.8133,0.1719,21.5959,5.2425,31.4069,5.4544,Comprimida
16,8,IJ,11.7955,15.7955,0.1719,31.4069,5.4544,43.1918,5.9546,Comprimida
16,9,AF,5.9546,7.9546,0.1719,0.0,0.0,0.0,5.9546,Comprimida
16,10,GB,5.4544,9.4544,0.1719,11.7849,5.4544,11.7849,0.0,Comprimida
16,11,HC,5.2425,9.2425,0.1719,21.5959,5.2425,21.5959,0.0,Comprimida
16,12,ID,5.4544,9.4544,0.1719,31.4069,5.4544,31.4069,0.0,Comprimida
16,13,EJ,5.9546,7.9546,0.1719,43.1918,0.0,43.1918,5.9546,Comprimida
16,14,FB,13.2038,17.2038,0.1719,0.0,5.9546,11.7849,0.0,Tensionada
16,15,GC,11.2253,15.2253,0.1719,11.7849,5.4544,21.5959,0.0,Tensionada
16,16,IC,11.2253,15.2253,0.1719,31.4069,5.4544,21.5959,0.0,Tensionada
16,17,JD,13.2038,17.2038,0.1719,43.1918,5.9546,31.4069,0.0,Tensionada
17,1,AB,11.7849,13.7849,0.1719,0.0,0.0,11.7849,0.0,Neutra
17,2,BC,9.811,13.811,0.1719,11.7849,0.0,21.5959,0.0,Tensionada
17,3,CD,9.811,13.811,0.1719,21.5959,0.0,31.4069,0.0,Tensionada
17,4,DE,11.7849,13.7849,0.1719,31.4069,0.0,43.1918,0.0,Neutra
17,5,FG,11.7955,15.7955,0.1719,0.0,5.9546,11.7849,5.4544,Comprimida
17,6,GH,9.8133,13.8133,0.1719,11.7849,5.4544,21.5959,5.2425,Comprimida
17,7,HI,9.8133,13.8133,0.1719,21.5959,5.2425,31.4069,5.4544,Comprimida
17,8,IJ,11.7955,15.7955,0.1719,31.4069,5.4544,43.1918,5.9546,Comprimida
17,9,AF,5.9546,7.9546,0.1719,0.0,0.0,0.0,5.9546,Comprimida
17,10,GB,5.4544,9.4544,0.1719,11.7849,5.4544,11.7849,0.0,Comprimida
17,11,HC,5.2425,9.2425,0.1719,21.5959,5.2425,21.5959,0.0,Comprimida
17,12,ID,5.4544,9.4544,0.1719,31.4069,5.4544,31.4069,0.0,Comprimida
17,13,EJ,5.9546,7.9546,0.1719,43.1918,0.0,43.1918,5.9546,Comprimida
17,14,FB,13.2038,17.2038,0.1719,0.0,5.9546,11.7849,0.0,Tensionada
17,15,GC,11.2253,15.2253,0.1719,11.7849,5.4544,21.5959,0.0,Tensionada
17,16,IC,11.2253,15.2253,0.1719,31.4069,5.4544,21.5959,0.0,Tensionada
17,17,JD,13.2038,17.2038,0.1719,43.1918,5.9546,31.4069,0.0,Tensionada
18,1,AB,12.0,14.0,0.1774,0.0,0.0,12.0,0.0,Neutra
18,2,BC,10.0,14.0,0.1774,12.0,0.0,22.0,0.0,Tensionada
18,3,CD,10.0,14.0,0.1774,22.0,0.0,32.0,0.0,Tensionada
18,4,DE,12.0,14.0,0.1774,32.0,0.0,44.0,0.0,Neutra
18,5,FG,12.0226,16.0226,0.1774,0.0,5.0676,12.0,5.8047,Comprimida
18,6,GH,10.0108,14.0108,0.1774,12.0,5.8047,22.0,6.2704,Comprimida
18,7,HI,10.0108,14.0108,0.1774,22.0,6.2704,32.0,5.8047,Comprimida
18,8,IJ,12.0226,16.0226,0.1774,32.0,5.8047,44.0,5.0676,Comprimida
18,9,AF,5.0676,7.0676,0.1774,0.0,0.0,0.0,5.0676,Comprimida
18,10,GB,5.8047,9.8047,0.1774,12.0,5.8047,12.0,0.0,Comprimida
18,11,HC,6.2704,10.2704,0.1774,22.0,6.2704,22.0,0.0,Tensionada
18,12,ID,5.8047,9.8047,0.1774,32.0,5.8047,32.0,0.0,Comprimida
18,13,EJ,5.0676,7.0676,0.1774,44.0,0.0,44.0,5.0676,Comprimida
18,14,FB,13.0261,17.0261,0.1774,0.0,5.0676,12.0,0.0,Tensionada
18,15,GC,11.5626,15.5626,0.1774,12.0,5.8047,22.0,0.0,Tensionada
18,16,IC,11.5626,15.5626,0.1774,32.0,5.8047,22.0,0.0,Tensionada
18,17,JD,13.0261,17.0261,0.1774,44.0,5.0676,32.0,0.0,Tensionada
19,1,AB,12.0,14.0,0.1982,0.0,0.0,12.0,0.0,Neutra
19,2,BC,9.5254,13.5254,0.1982,12.0,0.0,21.5254,0.0,Tensionada
19,3,CD,9.5254,13.5254,0.1982,21.5254,0.0,31.0507,0.0,Tensionada
19,4,DE,12.0,14.0,0.1982,31.0507,0.0,43.0507,0.0,Neutra
19,5,FG,12.0279,16.0279,0.1982,0.0,6.0998,12.0,5.2808,Comprimida
19,6,GH,9.529,13.529,0.1982,12.0,5.2808,21.5254,5.5429,Comprimida
19,7,HI,9.529,13.529,0.1982,21.5254,5.5429,31.0507,5.2808,Comprimida
19,8,IJ,12.0279,16.0279,0.1982,31.0507,5.2808,43.0507,6.0998,Comprimida
19,9,AF,6.0998,8.0998,0.1982,0.0,0.0,0.0,6.0998,Comprimida
19,10,GB,5.2808,9.2808,0.1982,12.0,5.2808,12.0,0.0,Comprimida
19,11,HC,5.5429,9.5429,0.1982,21.5254,5.5429,21.5254,0.0,Tensionada
19,12,ID,5.2808,9.2808,0.1982,31.0507,5.2808,31.0507,0.0,Comprimida
19,13,EJ,6.0998,8.0998,0.1982,43.0507,0.0,43.0507,6.0998,Comprimida
19,14,FB,13.4613,17.4613,0.1982,0.0,6.0998,12.0,0.0,Tensionada
19,15,GC,10.8912,14.8912,0.1982,12.0,5.2808,21.5254,0.0,Tensionada
19,16,IC,10.8912,14.8912,0.1982,31.0507,5.2808,21.5254,0.0,Tensionada
19,17,JD,13.4613,17.4613,0.1982,43.0507,6.0998,31.0507,0.0,Tensionada
20,1,AB,12.0,14.0,0.1982,0.0,0.0,12.0,0.0,Neutra
20,2,BC,9.5254,13.5254,0.1982,12.0,0.0,21.5254,0.0,Tensionada
20,3,CD,9.5254,13.5254,0.1982,21.5254,0.0,31.0507,0.0,Tensionada
20,4,DE,12.0,14.0,0.1982,31.0507,0.0,43.0507,0.0,Neutra
20,5,FG,12.0279,16.0279,0.1982,0.0,6.0998,12.0,5.2808,Comprimida
20,6,GH,9.529,13.529,0.1982,12.0,5.2808,21.5254,5.5429,Comprimida
20,7,HI,9.529,13.529,0.1982,21.5254,5.5429,31.0507,5.2808,Comprimida
20,8,IJ,12.0279,16.0279,0.1982,31.0507,5.2808,43.0507,6.0998,Comprimida
20,9,AF,6.0998,8.0998,0.1982,0.0,0.0,0.0,6.0998,Comprimida
20,10,GB,5.2808,9.2808,0.1982,12.0,5.2808,12.0,0.0,Comprimida
20,11,HC,5.5429,9.5429,0.1982,21.5254,5.5429,21.5254,0.0,Tensionada
20,12,ID,5.2808,9.2808,0.1982,31.0507,5.2808,31.0507,0.0,Comprimida
20,13,EJ,6.0998,8.0998,0.1982,43.0507,0.0,43.0507,6.0998,Comprimida
20,14,FB,13.4613,17.4613,0.1982,0.0,6.0998,12.0,0.0,Tensionada
20,15,GC,10.8912,14.8912,0.1982,12.0,5.2808,21.5254,0.0,Tensionada
20,16,IC,10.8912,14.8912,0.1982,31.0507,5.2808,21.5254,0.0,Tensionada
20,17,JD,13.4613,17.4613,0.1982,43.0507,6.0998,31.0507,0.0,Tensionada
21,1,AB,12.0,14.0,0.1982,0.0,0.0,12.0,0.0,Neutra
21,2,BC,9.5254,13.5254,0.1982,12.0,0.0,21.5254,0.0,Tensionada
21,3,CD,9.5254,13.5254,0.1982,21.5254,0.0,31.0507,0.0,Tensionada
21,4,DE,12.0,14.0,0.1982,31.0507,0.0,43.0507,0.0,Neutra
21,5,FG,12.0279,16.0279,0.1982,0.0,6.0998,12.0,5.2808,Comprimida
21,6,GH,9.529,13.529,0.1982,12.0,5.2808,21.5254,5.5429,Comprimida
21,7,HI,9.529,13.529,0.1982,21.5254,5.5429,31.0507,5.2808,Comprimida
21,8,IJ,12.0279,16.0279,0.1982,31.0507,5.2808,43.0507,6.0998,Comprimida
21,9,AF,6.0998,8.0998,0.1982,0.0,0.0,0.0,6.0998,Comprimida
21,10,GB,5.2808,9.2808,0.1982,12.0,5.2808,12.0,0.0,Comprimida
21,11,HC,5.5429,9.5429,0.1982,21.5254,5.5429,21.5254,0.0,Tensionada
21,12,ID,5.2808,9.2808,0.1982,31.0507,5.2808,31.0507,0.0,Comprimida
21,13,EJ,6.0998,8.0998,0.1982,43.0507,0.0,43.0507,6.0998,Comprimida
21,14,FB,13.4613,17.4613,0.1982,0.0,6.0998,12.0,0.0,Tensionada
21,15,GC,10.8912,14.8912,0.1982,12.0,5.2808,21.5254,0.0,Tensionada
21,16,IC,10.8912,14.8912,0.1982,31.0507,5.2808,21.5254,0.0,Tensionada
21,17,JD,13.4613,17.4613,0.1982,43.0507,6.0998,31.0507,0.0,Tensionada
22,1,AB,11.9689,13.9689,0.1993,0.0,0.0,11.9689,0.0,Neutra
22,2,BC,9.757,13.757,0.1993,11.9689,0.0,21.7258,0.0,Tensionada
22,3,CD,9.757,13.757,0.1993,21.7258,0.0,31.4828,0.0,Tensionada
22,4,DE,11.9689,13.9689,0.1993,31.4828,0.0,43.4516,0.0,Neutra
22,5,FG,11.969,15.969,0.1993,0.0,5.3867,11.9689,5.4396,Comprimida
22,6,GH,9.771,13.771,0.1993,11.9689,5.4396,21.7258,5.9624,Comprimida
22,7,HI,9.771,13.771,0.1993,21.7258,5.9624,31.4828,5.4396,Comprimida
22,8,IJ,11.969,15.969,0.1993,31.4828,5.4396,43.4516,5.3867,Comprimida
22,9,AF,5.3867,7.3867,0.1993,0.0,0.0,0.0,5.3867,Comprimida
22,10,GB,5.4396,9.4396,0.1993,11.9689,5.4396,11.9689,0.0,Comprimida
22,11,HC,5.9624,9.9624,0.1993,21.7258,5.9624,21.7258,0.0,Tensionada
22,12,ID,5.4396,9.4396,0.1993,31.4828,5.4396,31.4828,0.0,Comprimida
22,13,EJ,5.3867,7.3867,0.1993,43.4516,0.0,43.4516,5.3867,Comprimida
22,14,FB,13.1252,17.1252,0.1993,0.0,5.3867,11.9689,0.0,Tensionada
22,15,GC,11.1709,15.1709,0.1993,11.9689,5.4396,21.7258,0.0,Tensionada
22,16,IC,11.1709,15.1709,0.1993,31.4828,5.4396,21.7258,0.0,Tensionada
22,17,JD,13.1252,17.1252,0.1993,43.4516,5.3867,31.4828,0.0,Tensionada
23,1,AB,11.9689,13.9689,0.1993,0.0,0.0,11.9689,0.0,Neutra
23,2,BC,9.757,13.757,0.1993,11.9689,0.0,21.7258,0.0,Tensionada
23,3,CD,9.757,13.757,0.1993,21.7258,0.0,31.4828,0.0,Tensionada
23,4,DE,11.9689,13.9689,0.1993,31.4828,0.0,43.4516,0.0,Neutra
23,5,FG,11.969,15.969,0.1993,0.0,5.3867,11.9689,5.4396,Comprimida
23,6,GH,9.771,13.771,0.1993,11.9689,5.4396,21.7258,5.9624,Comprimida
23,7,HI,9.771,13.771,0.1993,21.7258,5.9624,31.4828,5.4396,Comprimida
23,8,IJ,11.969,15.969,0.1993,31.4828,5.4396,43.4516,5.3867,Comprimida
23,9,AF,5.3867,7.3867,0.1993,0.0,0.0,0.0,5.3867,Comprimida
23,10,GB,5.4396,9.4396,0.1993,11.9689,5.4396,11.9689,0.0,Comprimida
23,11,HC,5.9624,9.9624,0.1993,21.7258,5.9624,21.7258,0.0,Tensionada
23,12,ID,5.4396,9.4396,0.1993,31.4828,5.4396,31.4828,0.0,Comprimida
23,13,EJ,5.3867,7.3867,0.1993,43.4516,0.0,43.4516,5.3867,Comprimida
23,14,FB,13.1252,17.1252,0.1993,0.0,5.3867,11.9689,0.0,Tensionada
23,15,GC,11.1709,15.1709,0.1993,11.9689,5.4396,21.7258,0.0,Tensionada
23,16,IC,11.1709,15.1709,0.1993,31.4828,5.4396,21.7258,0.0,Tensionada
23,17,JD,13.1252,17.1252,0.1993,43.4516,5.3867,31.4828,0.0,Tensionada
24,1,AB,11.9689,13.9689,0.1993,0.0,0.0,11.9689,0.0,Neutra
24,2,BC,9.757,13.757,0.1993,11.9689,0.0,21.7258,0.0,Tensionada
24,3,CD,9.757,13.757,0.1993,21.7258,0.0,31.4828,0.0,Tensionada
24,4,DE,11.9689,13.9689,0.1993,31.4828,0.0,43.4516,0.0,Neutra
24,5,FG,11.969,15.969,0.1993,0.0,5.3867,11.9689,5.4396,Comprimida
24,6,GH,9.771,13.771,0.1993,11.9689,5.4396,21.7258,5.9624,Comprimida
24,7,HI,9.771,13.771,0.1993,21.7258,5.9624,31.4828,5.4396,Comprimida
24,8,IJ,11.969,15.969,0.1993,31.4828,5.4396,43.4516,5.3867,Comprimida
24,9,AF,5.3867,7.3867,0.1993,0.0,0.0,0.0,5.3867,Comprimida
24,10,GB,5.4396,9.4396,0.1993,11.9689,5.4396,11.9689,0.0,Comprimida
24,11,HC,5.9624,9.9624,0.1993,21.7258,5.9624,21.7258,0.0,Tensionada
24,12,ID,5.4396,9.4396,0.1993,31.4828,5.4396,31.4828,0.0,Comprimida
24,13,EJ,5.3867,7.3867,0.1993,43.4516,0.0,43.4516,5.3867,Comprimida
24,14,FB,13.1252,17.1252,0.1993,0.0,5.3867,11.9689,0.0,Tensionada
24,15,GC,11.1709,15.1709,0.1993,11.9689,5.4396,21.7258,0.0,Tensionada
24,16,IC,11.1709,15.1709,0.1993,31.4828,5.4396,21.7258,0.0,Tensionada
24,17,JD,13.1252,17.1252,0.1993,43.4516,5.3867,31.4828,0.0,Tensionada
25,1,AB,11.9689,13.9689,0.1993,0.0,0.0,11.9689,0.0,Neutra
25,2,BC,9.757,13.757,0.1993,11.9689,0.0,21.7258,0.0,Tensionada
25,3,CD,9.757,13.757,0.1993,21.7258,0.0,31.4828,0.0,Tensionada
25,4,DE,11.9689,13.9689,0.1993,31.4828,0.0,43.4516,0.0,Neutra
25,5,FG,11.969,15.969,0.1993,0.0,5.3867,11.9689,5.4396,Comprimida
25,6,GH,9.771,13.771,0.1993,11.9689,5.4396,21.7258,5.9624,Comprimida
25,7,HI,9.771,13.771,0.1993,21.7258,5.9624,31.4828,5.4396,Comprimida
25,8,IJ,11.969,15.969,0.1993,31.4828,5.4396,43.4516,5.3867,Comprimida
25,9,AF,5.3867,7.3867,0.1993,0.0,0.0,0.0,5.3867,Comprimida
25,10,GB,5.4396,9.4396,0.1993,11.9689,5.4396,11.9689,0.0,Comprimida
25,11,HC,5.9624,9.9624,0.1993,21.7258,5.9624,21.7258,0.0,Tensionada
25,12,ID,5.4396,9.4396,0.1993,31.4828,5.4396,31.4828,0.0,Comprimida
25,13,EJ,5.3867,7.3867,0.1993,43.4516,0.0,43.4516,5.3867,Comprimida
25,14,FB,13.1252,17.1252,0.1993,0.0,5.3867,11.9689,0.0,Tensionada
25,15,GC,11.1709,15.1709,0.1993,11.9689,5.4396,21.7258,0.0,Tensionada
25,16,IC,11.1709,15.1709,0.1993,31.4828,5.4396,21.7258,0.0,Tensionada
25,17,JD,13.1252,17.1252,0.1993,43.4516,5.3867,31.4828,0.0,Tensionada
26,1,AB,11.9756,13.9756,0.2011,0.0,0.0,11.9756,0.0,Neutra
26,2,BC,9.8055,13.8055,0.2011,11.9756,0.0,21.7811,0.0,Tensionada
26,3,CD,9.8055,13.8055,0.2011,21.7811,0.0,31.5866,0.0,Tensionada
26,4,DE,11.9756,13.9756,0.2011,31.5866,0.0,43.5622,0.0,Neutra
26,5,FG,11.9776,15.9776,0.2011,0.0,5.3386,11.9756,5.559,Comprimida
26,6,GH,9.8153,13.8153,0.2011,11.9756,5.559,21.7811,5.9973,Comprimida
26,7,HI,9.8153,13.8153,0.2011,21.7811,5.9973,31.5866,5.559,Comprimida
26,8,IJ,11.9776,15.9776,0.2011,31.5866,5.559,43.5622,5.3386,Comprimida
26,9,AF,5.3386,7.3386,0.2011,0.0,0.0,0.0,5.3386,Comprimida
26,10,GB,5.559,9.559,0.2011,11.9756,5.559,11.9756,0.0,Comprimida
26,11,HC,5.9973,9.9973,0.2011,21.7811,5.9973,21.7811,0.0,Tensionada
26,12,ID,5.559,9.559,0.2011,31.5866,5.559,31.5866,0.0,Comprimida
26,13,EJ,5.3386,7.3386,0.2011,43.5622,0.0,43.5622,5.3386,Comprimida
26,14,FB,13.1117,17.1117,0.2011,0.0,5.3386,11.9756,0.0,Tensionada
26,15,GC,11.2716,15.2716,0.2011,11.9756,5.559,21.7811,0.0,Tensionada
26,16,IC,11.2716,15.2716,0.2011,31.5866,5.559,21.7811,0.0,Tensionada
26,17,JD,13.1117,17.1117,0.2011,43.5622,5.3386,31.5866,0.0,Tensionada
27,1,AB,12.0,14.0,0.2174,0.0,0.0,12.0,0.0,Neutra
27,2,BC,9.6295,13.6295,0.2174,12.0,0.0,21.6295,0.0,Tensionada
27,3,CD,9.6295,13.6295,0.2174,21.6295,0.0,31.259,0.0,Tensionada
27,4,DE,12.0,14.0,0.2174,31.259,0.0,43.259,0.0,Neutra
27,5,FG,12.0056,16.0056,0.2174,0.0,6.1506,12.0,5.7847,Comprimida
27,6,GH,9.6485,13.6485,0.2174,12.0,5.7847,21.6295,6.3895,Comprimida
27,7,HI,9.6485,13.6485,0.2174,21.6295,6.3895,31.259,5.7847,Comprimida
27,8,IJ,12.0056,16.0056,0.2174,31.259,5.7847,43.259,6.1506,Comprimida
27,9,AF,6.1506,8.1506,0.2174,0.0,0.0,0.0,6.1506,Comprimida
27,10,GB,5.7847,9.7847,0.2174,12.0,5.7847,12.0,0.0,Comprimida
27,11,HC,6.3895,10.3895,0.2174,21.6295,6.3895,21.6295,0.0,Tensionada
27,12,ID,5.7847,9.7847,0.2174,31.259,5.7847,31.259,0.0,Comprimida
27,13,EJ,6.1506,8.1506,0.2174,43.259,0.0,43.259,6.1506,Comprimida
27,14,FB,13.4844,17.4844,0.2174,0.0,6.1506,12.0,0.0,Tensionada
27,15,GC,11.2335,15.2335,0.2174,12.0,5.7847,21.6295,0.0,Tensionada
27,16,IC,11.2335,15.2335,0.2174,31.259,5.7847,21.6295,0.0,Tensionada
27,17,JD,13.4844,17.4844,0.2174,43.259,6.1506,31.259,0.0,Tensionada
28,1,AB,12.0,14.0,0.2174,0.0,0.0,12.0,0.0,Neutra
28,2,BC,9.6295,13.6295,0.2174,12.0,0.0,21.6295,0.0,Tensionada
28,3,CD,9.6295,13.6295,0.2174,21.6295,0.0,31.259,0.0,Tensionada
28,4,DE,12.0,14.0,0.2174,31.259,0.0,43.259,0.0,Neutra
28,5,FG,12.0056,16.0056,0.2174,0.0,6.1506,12.0,5.7847,Comprimida
28,6,GH,9.6485,13.6485,0.2174,12.0,5.7847,21.6295,6.3895,Comprimida
28,7,HI,9.6485,13.6485,0.2174,21.6295,6.3895,31.259,5.7847,Comprimida
28,8,IJ,12.0056,16.0056,0.2174,31.259,5.7847,43.259,6.1506,Comprimida
28,9,AF,6.1506,8.1506,0.2174,0.0,0.0,0.0,6.1506,Comprimida
28,10,GB,5.7847,9.7847,0.2174,12.0,5.7847,12.0,0.0,Comprimida
28,11,HC,6.3895,10.3895,0.2174,21.6295,6.3895,21.6295,0.0,Tensionada
28,12,ID,5.7847,9.7847,0.2174,31.259,5.7847,31.259,0.0,Comprimida
28,13,EJ,6.1506,8.1506,0.2174,43.259,0.0,43.259,6.1506,Comprimida
28,14,FB,13.4844,17.4844,0.2174,0.0,6.1506,12.0,0.0,Tensionada
28,15,GC,11.2335,15.2335,0.2174,12.0,5.7847,21.6295,0.0,Tensionada
28,16,IC,11.2335,15.2335,0.2174,31.259,5.7847,21.6295,0.0,Tensionada
28,17,JD,13.4844,17.4844,0.2174,43.259,6.1506,31.259,0.0,Tensionada
29,1,AB,12.0,14.0,0.2247,0.0,0.0,12.0,0.0,Neutra
29,2,BC,9.5531,13.5531,0.2247,12.0,0.0,21.5531,0.0,Tensionada
29,3,CD,9.5531,13.5531,0.2247,21.5531,0.0,31.1062,0.0,Tensionada
29,4,DE,12.0,14.0,0.2247,31.1062,0.0,43.1062,0.0,Neutra
29,5,FG,12.0195,16.0195,0.2247,0.0,5.0193,12.0,5.7033,Comprimida
29,6,GH,9.5789,13.5789,0.2247,12.0,5.7033,21.5531,6.4065,Comprimida
29,7,HI,9.5789,13.5789,0.2247,21.5531,6.4065,31.1062,5.7033,Comprimida
29,8,IJ,12.0195,16.0195,0.2247,31.1062,5.7033,43.1062,5.0193,Comprimida
29,9,AF,5.0193,7.0193,0.2247,0.0,0.0,0.0,5.0193,Comprimida
29,10,GB,5.7033,9.7033,0.2247,12.0,5.7033,12.0,0.0,Comprimida
29,11,HC,6.4065,10.4065,0.2247,21.5531,6.4065,21.5531,0.0,Tensionada
29,12,ID,5.7033,9.7033,0.2247,31.1062,5.7033,31.1062,0.0,Comprimida
29,13,EJ,5.0193,7.0193,0.2247,43.1062,0.0,43.1062,5.0193,Comprimida
29,14,FB,13.0074,17.0074,0.2247,0.0,5.0193,12.0,0.0,Tensionada
29,15,GC,11.1261,15.1261,0.2247,12.0,5.7033,21.5531,0.0,Tensionada
29,16,IC,11.1261,15.1261,0.2247,31.1062,5.7033,21.5531,0.0,Tensionada
29,17,JD,13.0074,17.0074,0.2247,43.1062,5.0193,31.1062,0.0,Tensionada
30,1,AB,12.0,14.0,0.2247,0.0,0.0,12.0,0.0,Neutra
30,2,BC,9.5531,13.5531,0.2247,12.0,0.0,21.5531,0.0,Tensionada
30,3,CD,9.5531,13.5531,0.2247,21.5531,0.0,31.1062,0.0,Tensionada
30,4,DE,12.0,14.0,0.2247,31.1062,0.0,43.1062,0.0,Neutra
30,5,FG,12.0195,16.0195,0.2247,0.0,5.0193,12.0,5.7033,Comprimida
30,6,GH,9.5789,13.5789,0.2247,12.0,5.7033,21.5531,6.4065,Comprimida
30,7,HI,9.5789,13.5789,0.2247,21.5531,6.4065,31.1062,5.7033,Comprimida
30,8,IJ,12.0195,16.0195,0.2247,31.1062,5.7033,43.1062,5.0193,Comprimida
30,9,AF,5.0193,7.0193,0.2247,0.0,0.0,0.0,5.0193,Comprimida
30,10,GB,5.7033,9.7033,0.2247,12.0,5.7033,12.0,0.0,Comprimida
30,11,HC,6.4065,10.4065,0.2247,21.5531,6.4065,21.5531,0.0,Tensionada
30,12,ID,5.7033,9.7033,0.2247,31.1062,5.7033,31.1062,0.0,Comprimida
30,13,EJ,5.0193,7.0193,0.2247,43.1062,0.0,43.1062,5.0193,Comprimida
30,14,FB,13.0074,17.0074,0.2247,0.0,5.0193,12.0,0.0,Tensionada
30,15,GC,11.1261,15.1261,0.2247,12.0,5.7033,21.5531,0.0,Tensionada
30,16,IC,11.1261,15.1261,0.2247,31.1062,5.7033,21.5531,0.0,Tensionada
30,17,JD,13.0074,17.0074,0.2247,43.1062,5.0193,31.1062,0.0,Tensionada
31,1,AB,12.0,14.0,0.2247,0.0,0.0,12.0,0.0,Neutra
31,2,BC,9.5531,13.5531,0.2247,12.0,0.0,21.5531,0.0,Tensionada
31,3,CD,9.5531,13.5531,0.2247,21.5531,0.0,31.1062,0.0,Tensionada
31,4,DE,12.0,14.0,0.2247,31.1062,0.0,43.1062,0.0,Neutra
31,5,FG,12.0195,16.0195,0.2247,0.0,5.0193,12.0,5.7033,Comprimida
31,6,GH,9.5789,13.5789,0.2247,12.0,5.7033,21.5531,6.4065,Comprimida
31,7,HI,9.5789,13.5789,0.2247,21.5531,6.4065,31.1062,5.7033,Comprimida
31,8,IJ,12.0195,16.0195,0.2247,31.1062,5.7033,43.1062,5.0193,Comprimida
31,9,AF,5.0193,7.0193,0.2247,0.0,0.0,0.0,5.0193,Comprimida
31,10,GB,5.7033,9.7033,0.2247,12.0,5.7033,12.0,0.0,Comprimida
31,11,HC,6.4065,10.4065,0.2247,21.5531,6.4065,21.5531,0.0,Tensionada
31,12,ID,5.7033,9.7033,0.2247,31.1062,5.7033,31.1062,0.0,Comprimida
31,13,EJ,5.0193,7.0193,0.2247,43.1062,0.0,43.1062,5.0193,Comprimida
31,14,FB,13.0074,17.0074,0.2247,0.0,5.0193,12.0,0.0,Tensionada
31,15,GC,11.1261,15.1261,0.2247,12.0,5.7033,21.5531,0.0,Tensionada
31,16,IC,11.1261,15.1261,0.2247,31.1062,5.7033,21.5531,0.0,Tensionada
31,17,JD,13.0074,17.0074,0.2247,43.1062,5.0193,31.1062,0.0,Tensionada
32,1,AB,12.0,14.0,0.2247,0.0,0.0,12.0,0.0,Neutra
32,2,BC,9.5531,13.5531,0.2247,12.0,0.0,21.5531,0.0,Tensionada
32,3,CD,9.5531,13.5531,0.2247,21.5531,0.0,31.1062,0.0,Tensionada
32,4,DE,12.0,14.0,0.2247,31.1062,0.0,43.1062,0.0,Neutra
32,5,FG,12.0195,16.0195,0.2247,0.0,5.0193,12.0,5.7033,Comprimida
32,6,GH,9.5789,13.5789,0.2247,12.0,5.7033,21.5531,6.4065,Comprimida
32,7,HI,9.5789,13.5789,0.2247,21.5531,6.4065,31.1062,5.7033,Comprimida
32,8,IJ,12.0195,16.0195,0.2247,31.1062,5.7033,43.1062,5.0193,Comprimida
32,9,AF,5.0193,7.0193,0.2247,0.0,0.0,0.0,5.0193,Comprimida
32,10,GB,5.7033,9.7033,0.2247,12.0,5.7033,12.0,0.0,Comprimida
32,11,HC,6.4065,10.4065,0.2247,21.5531,6.4065,21.5531,0.0,Tensionada
32,12,ID,5.7033,9.7033,0.2247,31.1062,5.7033,31.1062,0.0,Comprimida
32,13,EJ,5.0193,7.0193,0.2247,43.1062,0.0,43.1062,5.0193,Comprimida
32,14,FB,13.0074,17.0074,0.2247,0.0,5.0193,12.0,0.0,Tensionada
32,15,GC,11.1261,15.1261,0.2247,12.0,5.7033,21.5531,0.0,Tensionada
32,16,IC,11.1261,15.1261,0.2247,31.1062,5.7033,21.5531,0.0,Tensionada
32,17,JD,13.0074,17.0074,0.2247,43.1062,5.0193,31.1062,0.0,Tensionada
33,1,AB,11.9706,13.9706,0.226,0.0,0.0,11.9706,0.0,Neutra
33,2,BC,9.5662,13.5662,0.226,11.9706,0.0,21.5367,0.0,Tensionada
33,3,CD,9.5662,13.5662,0.226,21.5367,0.0,31.1029,0.0,Tensionada
33,4,DE,11.9706,13.9706,0.226,31.1029,0.0,43.0734,0.0,Neutra
33,5,FG,11.9729,15.9729,0.226,0.0,5.5627,11.9706,5.7973,Comprimida
33,6,GH,9.7149,13.7149,0.226,11.9706,5.7973,21.5367,7.4905,Comprimida
33,7,HI,9.7149,13.7149,0.226,21.5367,7.4905,31.1029,5.7973,Comprimida
33,8,IJ,11.9729,15.9729,0.226,31.1029,5.7973,43.0734,5.5627,Comprimida
33,9,AF,5.5627,7.5627,0.226,0.0,0.0,0.0,5.5627,Comprimida
33,10,GB,5.7973,9.7973,0.226,11.9706,5.7973,11.9706,0.0,Comprimida
33,11,HC,7.4905,11.4905,0.226,21.5367,7.4905,21.5367,0.0,Tensionada
33,12,ID,5.7973,9.7973,0.226,31.1029,5.7973,31.1029,0.0,Comprimida
33,13,EJ,5.5627,7.5627,0.226,43.0734,0.0,43.0734,5.5627,Comprimida
33,14,FB,13.1999,17.1999,0.226,0.0,5.5627,11.9706,0.0,Tensionada
33,15,GC,11.1857,15.1857,0.226,11.9706,5.7973,21.5367,0.0,Tensionada
33,16,IC,11.1857,15.1857,0.226,31.1029,5.7973,21.5367,0.0,Tensionada
33,17,JD,13.1999,17.1999,0.226,43.0734,5.5627,31.1029,0.0,Tensionada
34,1,AB,11.9706,13.9706,0.226,0.0,0.0,11.9706,0.0,Neutra
34,2,BC,9.5662,13.5662,0.226,11.9706,0.0,21.5367,0.0,Tensionada
34,3,CD,9.5662,13.5662,0.226,21.5367,0.0,31.1029,0.0,Tensionada
34,4,DE,11.9706,13.9706,0.226,31.1029,0.0,43.0734,0.0,Neutra
34,5,FG,11.9729,15.9729,0.226,0.0,5.5627,11.9706,5.7973,Comprimida
34,6,GH,9.7149,13.7149,0.226,11.9706,5.7973,21.5367,7.4905,Comprimida
34,7,HI,9.7149,13.7149,0.226,21.5367,7.4905,31.1029,5.7973,Comprimida
34,8,IJ,11.9729,15.9729,0.226,31.1029,5.7973,43.0734,5.5627,Comprimida
34,9,AF,5.5627,7.5627,0.226,0.0,0.0,0.0,5.5627,Comprimida
34,10,GB,5.7973,9.7973,0.226,11.9706,5.7973,11.9706,0.0,Comprimida
34,11,HC,7.4905,11.4905,0.226,21.5367,7.4905,21.5367,0.0,Tensionada
34,12,ID,5.7973,9.7973,0.226,31.1029,5.7973,31.1029,0.0,Comprimida
34,13,EJ,5.5627,7.5627,0.226,43.0734,0.0,43.0734,5.5627,Comprimida
34,14,FB,13.1999,17.1999,0.226,0.0,5.5627,11.9706,0.0,Tensionada
34,15,GC,11.1857,15.1857,0.226,11.9706,5.7973,21.5367,0.0,Tensionada
34,16,IC,11.1857,15.1857,0.226,31.1029,5.7973,21.5367,0.0,Tensionada
34,17,JD,13.1999,17.1999,0.226,43.0734,5.5627,31.1029,0.0,Tensionada
35,1,AB,11.9706,13.9706,0.226,0.0,0.0,11.9706,0.0,Neutra
35,2,BC,9.5662,13.5662,0.226,11.9706,0.0,21.5367,0.0,Tensionada
35,3,CD,9.5662,13.5662,0.226,21.5367,0.0,31.1029,0.0,Tensionada
35,4,DE,11.9706,13.9706,0.226,31.1029,0.0,43.0734,0.0,Neutra
35,5,FG,11.9729,15.9729,0.226,0.0,5.5627,11.9706,5.7973,Comprimida
35,6,GH,9.7149,13.7149,0.226,11.9706,5.7973,21.5367,7.4905,Comprimida
35,7,HI,9.7149,13.7149,0.226,21.5367,7.4905,31.1029,5.7973,Comprimida
35,8,IJ,11.9729,15.9729,0.226,31.1029,5.7973,43.0734,5.5627,Comprimida
35,9,AF,5.5627,7.5627,0.226,0.0,0.0,0.0,5.5627,Comprimida
35,10,GB,5.7973,9.7973,0.226,11.9706,5.7973,11.9706,0.0,Comprimida
35,11,HC,7.4905,11.4905,0.226,21.5367,7.4905,21.5367,0.0,Tensionada
35,12,ID,5.7973,9.7973,0.226,31.1029,5.7973,31.1029,0.0,Comprimida
35,13,EJ,5.5627,7.5627,0.226,43.0734,0.0,43.0734,5.5627,Comprimida
35,14,FB,13.1999,17.1999,0.226,0.0,5.5627,11.9706,0.0,Tensionada
35,15,GC,11.1857,15.1857,0.226,11.9706,5.7973,21.5367,0.0,Tensionada
35,16,IC,11.1857,15.1857,0.226,31.1029,5.7973,21.5367,0.0,Tensionada
35,17,JD,13.1999,17.1999,0.226,43.0734,5.5627,31.1029,0.0,Tensionada
36,1,AB,11.9706,13.9706,0.226,0.0,0.0,11.9706,0.0,Neutra
36,2,BC,9.5662,13.5662,0.226,11.9706,0.0,21.5367,0.0,Tensionada
36,3,CD,9.5662,13.5662,0.226,21.5367,0.0,31.1029,0.0,Tensionada
36,4,DE,11.9706,13.9706,0.226,31.1029,0.0,43.0734,0.0,Neutra
36,5,FG,11.9729,15.9729,0.226,0.0,5.5627,11.9706,5.7973,Comprimida
36,6,GH,9.7149,13.7149,0.226,11.9706,5.7973,21.5367,7.4905,Comprimida
36,7,HI,9.7149,13.7149,0.226,21.5367,7.4905,31.1029,5.7973,Comprimida
36,8,IJ,11.9729,15.9729,0.226,31.1029,5.7973,43.0734,5.5627,Comprimida
36,9,AF,5.5627,7.5627,0.226,0.0,0.0,0.0,5.5627,Comprimida
36,10,GB,5.7973,9.7973,0.226,11.9706,5.7973,11.9706,0.0,Comprimida
36,11,HC,7.4905,11.4905,0.226,21.5367,7.4905,21.5367,0.0,Tensionada
36,12,ID,5.7973,9.7973,0.226,31.1029,5.7973,31.1029,0.0,Comprimida
36,13,EJ,5.5627,7.5627,0.226,43.0734,0.0,43.0734,5.5627,Comprimida
36,14,FB,13.1999,17.1999,0.226,0.0,5.5627,11.9706,0.0,Tensionada
36,15,GC,11.1857,15.1857,0.226,11.9706,5.7973,21.5367,0.0,Tensionada
36,16,IC,11.1857,15.1857,0.226,31.1029,5.7973,21.5367,0.0,Tensionada
36,17,JD,13.1999,17.1999,0.226,43.0734,5.5627,31.1029,0.0,Tensionada
37,1,AB,11.9706,13.9706,0.226,0.0,0.0,11.9706,0.0,Neutra
37,2,BC,9.5662,13.5662,0.226,11.9706,0.0,21.5367,0.0,Tensionada
37,3,CD,9.5662,13.5662,0.226,21.5367,0.0,31.1029,0.0,Tensionada
37,4,DE,11.9706,13.9706,0.226,31.1029,0.0,43.0734,0.0,Neutra
37,5,FG,11.9729,15.9729,0.226,0.0,5.5627,11.9706,5.7973,Comprimida
37,6,GH,9.7149,13.7149,0.226,11.9706,5.7973,21.5367,7.4905,Comprimida
37,7,HI,9.7149,13.7149,0.226,21.5367,7.4905,31.1029,5.7973,Comprimida
37,8,IJ,11.9729,15.9729,0.226,31.1029,5.7973,43.0734,5.5627,Comprimida
37,9,AF,5.5627,7.5627,0.226,0.0,0.0,0.0,5.5627,Comprimida
37,10,GB,5.7973,9.7973,0.226,11.9706,5.7973,11.9706,0.0,Comprimida
37,11,HC,7.4905,11.4905,0.226,21.5367,7.4905,21.5367,0.0,Tensionada
37,12,ID,5.7973,9.7973,0.226,31.1029,5.7973,31.1029,0.0,Comprimida
37,13,EJ,5.5627,7.5627,0.226,43.0734,0.0,43.0734,5.5627,Comprimida
37,14,FB,13.1999,17.1999,0.226,0.0,5.5627,11.9706,0.0,Tensionada
37,15,GC,11.1857,15.1857,0.226,11.9706,5.7973,21.5367,0.0,Tensionada
37,16,IC,11.1857,15.1857,0.226,31.1029,5.7973,21.5367,0.0,Tensionada
37,17,JD,13.1999,17.1999,0.226,43.0734,5.5627,31.1029,0.0,Tensionada
38,1,AB,11.9706,13.9706,0.226,0.0,0.0,11.9706,0.0,Neutra
38,2,BC,9.5662,13.5662,0.226,11.9706,0.0,21.5367,0.0,Tensionada
38,3,CD,9.5662,13.5662,0.226,21.5367,0.0,31.1029,0.0,Tensionada
38,4,DE,11.9706,13.9706,0.226,31.1029,0.0,43.0734,0.0,Neutra
38,5,FG,11.9729,15.9729,0.226,0.0,5.5627,11.9706,5.7973,Comprimida
38,6,GH,9.7149,13.7149,0.226,11.9706,5.7973,21.5367,7.4905,Comprimida
38,7,HI,9.7149,13.7149,0.226,21.5367,7.4905,31.1029,5.7973,Comprimida
38,8,IJ,11.9729,15.9729,0.226,31.1029,5.7973,43.0734,5.5627,Comprimida
38,9,AF,5.5627,7.5627,0.226,0.0,0.0,0.0,5.5627,Comprimida
38,10,GB,5.7973,9.7973,0.226,11.9706,5.7973,11.9706,0.0,Comprimida
38,11,HC,7.4905,11.4905,0.226,21.5367,7.4905,21.5367,0.0,Tensionada
38,12,ID,5.7973,9.7973,0.226,31.1029,5.7973,31.1029,0.0,Comprimida
38,13,EJ,5.5627,7.5627,0.226,43.0734,0.0,43.0734,5.5627,Comprimida
38,14,FB,13.1999,17.1999,0.226,0.0,5.5627,11.9706,0.0,Tensionada
38,15,GC,11.1857,15.1857,0.226,11.9706,5.7973,21.5367,0.0,Tensionada
38,16,IC,11.1857,15.1857,0.226,31.1029,5.7973,21.5367,0.0,Tensionada
38,17,JD,13.1999,17.1999,0.226,43.0734,5.5627,31.1029,0.0,Tensionada
39,1,AB,11.9973,13.9973,0.2282,0.0,0.0,11.9973,0.0,Neutra
39,2,BC,9.8296,13.8296,0.2282,11.9973,0.0,21.8269,0.0,Tensionada
39,3,CD,9.8296,13.8296,0.2282,21.8269,0.0,31.6564,0.0,Tensionada
39,4,DE,11.9973,13.9973,0.2282,31.6564,0.0,43.6538,0.0,Neutra
39,5,FG,12.0101,16.0101,0.2282,0.0,5.233,11.9973,5.7867,Comprimida
39,6,GH,9.9062,13.9062,0.2282,11.9973,5.7867,21.8269,7.0168,Comprimida
39,7,HI,9.9062,13.9062,0.2282,21.8269,7.0168,31.6564,5.7867,Comprimida
39,8,IJ,12.0101,16.0101,0.2282,31.6564,5.7867,43.6538,5.233,Comprimida
39,9,AF,5.233,7.233,0.2282,0.0,0.0,0.0,5.233,Comprimida
39,10,GB,5.7867,9.7867,0.2282,11.9973,5.7867,11.9973,0.0,Comprimida
39,11,HC,7.0168,11.0168,0.2282,21.8269,7.0168,21.8269,0.0,Tensionada
39,12,ID,5.7867,9.7867,0.2282,31.6564,5.7867,31.6564,0.0,Comprimida
39,13,EJ,5.233,7.233,0.2282,43.6538,0.0,43.6538,5.233,Comprimida
39,14,FB,13.089,17.089,0.2282,0.0,5.233,11.9973,0.0,Tensionada
39,15,GC,11.4064,15.4064,0.2282,11.9973,5.7867,21.8269,0.0,Tensionada
39,16,IC,11.4064,15.4064,0.2282,31.6564,5.7867,21.8269,0.0,Tensionada
39,17,JD,13.089,17.089,0.2282,43.6538,5.233,31.6564,0.0,Tensionada
40,1,AB,11.9973,13.9973,0.2282,0.0,0.0,11.9973,0.0,Neutra
40,2,BC,9.8296,13.8296,0.2282,11.9973,0.0,21.8269,0.0,Tensionada
40,3,CD,9.8296,13.8296,0.2282,21.8269,0.0,31.6564,0.0,Tensionada
40,4,DE,11.9973,13.9973,0.2282,31.6564,0.0,43.6538,0.0,Neutra
40,5,FG,12.0101,16.0101,0.2282,0.0,5.233,11.9973,5.7867,Comprimida
40,6,GH,9.9062,13.9062,0.2282,11.9973,5.7867,21.8269,7.0168,Comprimida
40,7,HI,9.9062,13.9062,0.2282,21.8269,7.0168,31.6564,5.7867,Comprimida
40,8,IJ,12.0101,16.0101,0.2282,31.6564,5.7867,43.6538,5.233,Comprimida
40,9,AF,5.233,7.233,0.2282,0.0,0.0,0.0,5.233,Comprimida
40,10,GB,5.7867,9.7867,0.2282,11.9973,5.7867,11.9973,0.0,Comprimida
40,11,HC,7.0168,11.0168,0.2282,21.8269,7.0168,21.8269,0.0,Tensionada
40,12,ID,5.7867,9.7867,0.2282,31.6564,5.7867,31.6564,0.0,Comprimida
40,13,EJ,5.233,7.233,0.2282,43.6538,0.0,43.6538,5.233,Comprimida
40,14,FB,13.089,17.089,0.2282,0.0,5.233,11.9973,0.0,Tensionada
40,15,GC,11.4064,15.4064,0.2282,11.9973,5.7867,21.8269,0.0,Tensionada
40,16,IC,11.4064,15.4064,0.2282,31.6564,5.7867,21.8269,0.0,Tensionada
40,17,JD,13.089,17.089,0.2282,43.6538,5.233,31.6564,0.0,Tensionada
41,1,AB,11.9797,13.9797,0.2283,0.0,0.0,11.9797,0.0,Neutra
41,2,BC,9.6451,13.6451,0.2283,11.9797,0.0,21.6249,0.0,Tensionada
41,3,CD,9.6451,13.6451,0.2283,21.6249,0.0,31.27,0.0,Tensionada
41,4,DE,11.9797,13.9797,0.2283,31.27,0.0,43.2497,0.0,Neutra
41,5,FG,11.9825,15.9825,0.2283,0.0,5.4641,11.9797,5.7196,Comprimida
41,6,GH,9.7143,13.7143,0.2283,11.9797,5.7196,21.6249,6.8765,Comprimida
41,7,HI,9.7143,13.7143,0.2283,21.6249,6.8765,31.27,5.7196,Comprimida
41,8,IJ,11.9825,15.9825,0.2283,31.27,5.7196,43.2497,5.4641,Comprimida
41,9,AF,5.4641,7.4641,0.2283,0.0,0.0,0.0,5.4641,Comprimida
41,10,GB,5.7196,9.7196,0.2283,11.9797,5.7196,11.9797,0.0,Comprimida
41,11,HC,6.8765,10.8765,0.2283,21.6249,6.8765,21.6249,0.0,Tensionada
41,12,ID,5.7196,9.7196,0.2283,31.27,5.7196,31.27,0.0,Comprimida
41,13,EJ,5.4641,7.4641,0.2283,43.2497,0.0,43.2497,5.4641,Comprimida
41,14,FB,13.167,17.167,0.2283,0.0,5.4641,11.9797,0.0,Tensionada
41,15,GC,11.2135,15.2135,0.2283,11.9797,5.7196,21.6249,0.0,Tensionada
41,16,IC,11.2135,15.2135,0.2283,31.27,5.7196,21.6249,0.0,Tensionada
41,17,JD,13.167,17.167,0.2283,43.2497,5.4641,31.27,0.0,Tensionada
42,1,AB,12.0,14.0,0.2306,0.0,0.0,12.0,0.0,Neutra
42,2,BC,9.665,13.665,0.2306,12.0,0.0,21.665,0.0,Tensionada
42,3,CD,9.665,13.665,0.2306,21.665,0.0,31.33,0.0,Tensionada
42,4,DE,12.0,14.0,0.2306,31.33,0.0,43.33,0.0,Neutra
42,5,FG,12.0639,16.0639,0.2306,0.0,5.0802,12.0,6.3202,Comprimida
42,6,GH,9.6719,13.6719,0.2306,12.0,6.3202,21.665,6.6861,Comprimida
42,7,HI,9.6719,13.6719,0.2306,21.665,6.6861,31.33,6.3202,Comprimida
42,8,IJ,12.0639,16.0639,0.2306,31.33,6.3202,43.33,5.0802,Comprimida
42,9,AF,5.0802,7.0802,0.2306,0.0,0.0,0.0,5.0802,Comprimida
42,10,GB,6.3202,10.3202,0.2306,12.0,6.3202,12.0,0.0,Comprimida
42,11,HC,6.6861,10.6861,0.2306,21.665,6.6861,21.665,0.0,Tensionada
42,12,ID,6.3202,10.3202,0.2306,31.33,6.3202,31.33,0.0,Comprimida
42,13,EJ,5.0802,7.0802,0.2306,43.33,0.0,43.33,5.0802,Comprimida
42,14,FB,13.0311,17.0311,0.2306,0.0,5.0802,12.0,0.0,Tensionada
42,15,GC,11.5481,15.5481,0.2306,12.0,6.3202,21.665,0.0,Tensionada
42,16,IC,11.5481,15.5481,0.2306,31.33,6.3202,21.665,0.0,Tensionada
42,17,JD,13.0311,17.0311,0.2306,43.33,5.0802,31.33,0.0,Tensionada
43,1,AB,11.8641,13.8641,0.2307,0.0,0.0,11.8641,0.0,Neutra
43,2,BC,9.8389,13.8389,0.2307,11.8641,0.0,21.703,0.0,Tensionada
43,3,CD,9.8389,13.8389,0.2307,21.703,0.0,31.5419,0.0,Tensionada
43,4,DE,11.8641,13.8641,0.2307,31.5419,0.0,43.406,0.0,Neutra
43,5,FG,11.8745,15.8745,0.2307,0.0,5.3316,11.8641,5.8279,Comprimida
43,6,GH,9.914,13.914,0.2307,11.8641,5.8279,21.703,7.046,Comprimida
43,7,HI,9.914,13.914,0.2307,21.703,7.046,31.5419,5.8279,Comprimida
43,8,IJ,11.8745,15.8745,0.2307,31.5419,5.8279,43.406,5.3316,Comprimida
43,9,AF,5.3316,7.3316,0.2307,0.0,0.0,0.0,5.3316,Comprimida
43,10,GB,5.8279,9.8279,0.2307,11.8641,5.8279,11.8641,0.0,Comprimida
43,11,HC,7.046,11.046,0.2307,21.703,7.046,21.703,0.0,Tensionada
43,12,ID,5.8279,9.8279,0.2307,31.5419,5.8279,31.5419,0.0,Comprimida
43,13,EJ,5.3316,7.3316,0.2307,43.406,0.0,43.406,5.3316,Comprimida
43,14,FB,13.0071,17.0071,0.2307,0.0,5.3316,11.8641,0.0,Tensionada
43,15,GC,11.4354,15.4354,0.2307,11.8641,5.8279,21.703,0.0,Tensionada
43,16,IC,11.4354,15.4354,0.2307,31.5419,5.8279,21.703,0.0,Tensionada
43,17,JD,13.0071,17.0071,0.2307,43.406,5.3316,31.5419,0.0,Tensionada
44,1,AB,11.9985,13.9985,0.2318,0.0,0.0,11.9985,0.0,Neutra
44,2,BC,9.6722,13.6722,0.2318,11.9985,0.0,21.6707,0.0,Tensionada
44,3,CD,9.6722,13.6722,0.2318,21.6707,0.0,31.3429,0.0,Tensionada
44,4,DE,11.9985,13.9985,0.2318,31.3429,0.0,43.3414,0.0,Neutra
44,5,FG,12.0548,16.0548,0.2318,0.0,4.9412,11.9985,6.1048,Comprimida
44,6,GH,9.7024,13.7024,0.2318,11.9985,6.1048,21.6707,6.8698,Comprimida
44,7,HI,9.7024,13.7024,0.2318,21.6707,6.8698,31.3429,6.1048,Comprimida
44,8,IJ,12.0548,16.0548,0.2318,31.3429,6.1048,43.3414,4.9412,Comprimida
44,9,AF,4.9412,6.9412,0.2318,0.0,0.0,0.0,4.9412,Comprimida
44,10,GB,6.1048,10.1048,0.2318,11.9985,6.1048,11.9985,0.0,Comprimida
44,11,HC,6.8698,10.8698,0.2318,21.6707,6.8698,21.6707,0.0,Tensionada
44,12,ID,6.1048,10.1048,0.2318,31.3429,6.1048,31.3429,0.0,Comprimida
44,13,EJ,4.9412,6.9412,0.2318,43.3414,0.0,43.3414,4.9412,Comprimida
44,14,FB,12.9761,16.9761,0.2318,0.0,4.9412,11.9985,0.0,Tensionada
44,15,GC,11.4377,15.4377,0.2318,11.9985,6.1048,21.6707,0.0,Tensionada
44,16,IC,11.4377,15.4377,0.2318,31.3429,6.1048,21.6707,0.0,Tensionada
44,17,JD,12.9761,16.9761,0.2318,43.3414,4.9412,31.3429,0.0,Tensionada
45,1,AB,12.0,14.0,0.2547,0.0,0.0,12.0,0.0,Neutra
45,2,BC,9.7537,13.7537,0.2547,12.0,0.0,21.7537,0.0,Tensionada
45,3,CD,9.7537,13.7537,0.2547,21.7537,0.0,31.5075,0.0,Tensionada
45,4,DE,12.0,14.0,0.2547,31.5075,0.0,43.5075,0.0,Neutra
45,5,FG,12.0516,16.0516,0.2547,0.0,5.6543,12.0,6.7685,Comprimida
45,6,GH,9.7997,13.7997,0.2547,12.0,6.7685,21.7537,7.7168,Comprimida
45,7,HI,9.7997,13.7997,0.2547,21.7537,7.7168,31.5075,6.7685,Comprimida
45,8,IJ,12.0516,16.0516,0.2547,31.5075,6.7685,43.5075,5.6543,Comprimida
45,9,AF,5.6543,7.6543,0.2547,0.0,0.0,0.0,5.6543,Comprimida
45,10,GB,6.7685,10.7685,0.2547,12.0,6.7685,12.0,0.0,Comprimida
45,11,HC,7.7168,11.7168,0.2547,21.7537,7.7168,21.7537,0.0,Tensionada
45,12,ID,6.7685,10.7685,0.2547,31.5075,6.7685,31.5075,0.0,Comprimida
45,13,EJ,5.6543,7.6543,0.2547,43.5075,0.0,43.5075,5.6543,Comprimida
45,14,FB,13.2654,17.2654,0.2547,0.0,5.6543,12.0,0.0,Tensionada
45,15,GC,11.8721,15.8721,0.2547,12.0,6.7685,21.7537,0.0,Tensionada
45,16,IC,11.8721,15.8721,0.2547,31.5075,6.7685,21.7537,0.0,Tensionada
45,17,JD,13.2654,17.2654,0.2547,43.5075,5.6543,31.5075,0.0,Tensionada
46,1,AB,12.0,14.0,0.2547,0.0,0.0,12.0,0.0,Neutra
46,2,BC,9.7537,13.7537,0.2547,12.0,0.0,21.7537,0.0,Tensionada
46,3,CD,9.7537,13.7537,0.2547,21.7537,0.0,31.5075,0.0,Tensionada
46,4,DE,12.0,14.0,0.2547,31.5075,0.0,43.5075,0.0,Neutra
46,5,FG,12.0516,16.0516,0.2547,0.0,5.6543,12.0,6.7685,Comprimida
46,6,GH,9.7997,13.7997,0.2547,12.0,6.7685,21.7537,7.7168,Comprimida
46,7,HI,9.7997,13.7997,0.2547,21.7537,7.7168,31.5075,6.7685,Comprimida
46,8,IJ,12.0516,16.0516,0.2547,31.5075,6.7685,43.5075,5.6543,Comprimida
46,9,AF,5.6543,7.6543,0.2547,0.0,0.0,0.0,5.6543,Comprimida
46,10,GB,6.7685,10.7685,0.2547,12.0,6.7685,12.0,0.0,Comprimida
46,11,HC,7.7168,11.7168,0.2547,21.7537,7.7168,21.7537,0.0,Tensionada
46,12,ID,6.7685,10.7685,0.2547,31.5075,6.7685,31.5075,0.0,Comprimida
46,13,EJ,5.6543,7.6543,0.2547,43.5075,0.0,43.5075,5.6543,Comprimida
46,14,FB,13.2654,17.2654,0.2547,0.0,5.6543,12.0,0.0,Tensionada
46,15,GC,11.8721,15.8721,0.2547,12.0,6.7685,21.7537,0.0,Tensionada
46,16,IC,11.8721,15.8721,0.2547,31.5075,6.7685,21.7537,0.0,Tensionada
46,17,JD,13.2654,17.2654,0.2547,43.5075,5.6543,31.5075,0.0,Tensionada
47,1,AB,12.0,14.0,0.2547,0.0,0.0,12.0,0.0,Neutra
47,2,BC,9.7537,13.7537,0.2547,12.0,0.0,21.7537,0.0,Tensionada
47,3,CD,9.7537,13.7537,0.2547,21.7537,0.0,31.5075,0.0,Tensionada
47,4,DE,12.0,14.0,0.2547,31.5075,0.0,43.5075,0.0,Neutra
47,5,FG,12.0516,16.0516,0.2547,0.0,5.6543,12.0,6.7685,Comprimida
47,6,GH,9.7997,13.7997,0.2547,12.0,6.7685,21.7537,7.7168,Comprimida
47,7,HI,9.7997,13.7997,0.2547,21.7537,7.7168,31.5075,6.7685,Comprimida
47,8,IJ,12.0516,16.0516,0.2547,31.5075,6.7685,43.5075,5.6543,Comprimida
47,9,AF,5.6543,7.6543,0.2547,0.0,0.0,0.0,5.6543,Comprimida
47,10,GB,6.7685,10.7685,0.2547,12.0,6.7685,12.0,0.0,Comprimida
47,11,HC,7.7168,11.7168,0.2547,21.7537,7.7168,21.7537,0.0,Tensionada
47,12,ID,6.7685,10.7685,0.2547,31.5075,6.7685,31.5075,0.0,Comprimida
47,13,EJ,5.6543,7.6543,0.2547,43.5075,0.0,43.5075,5.6543,Comprimida
47,14,FB,13.2654,17.2654,0.2547,0.0,5.6543,12.0,0.0,Tensionada
47,15,GC,11.8721,15.8721,0.2547,12.0,6.7685,21.7537,0.0,Tensionada
47,16,IC,11.8721,15.8721,0.2547,31.5075,6.7685,21.7537,0.0,Tensionada
47,17,JD,13.2654,17.2654,0.2547,43.5075,5.6543,31.5075,0.0,Tensionada
48,1,AB,12.0,14.0,0.2547,0.0,0.0,12.0,0.0,Neutra
48,2,BC,9.7537,13.7537,0.2547,12.0,0.0,21.7537,0.0,Tensionada
48,3,CD,9.7537,13.7537,0.2547,21.7537,0.0,31.5075,0.0,Tensionada
48,4,DE,12.0,14.0,0.2547,31.5075,0.0,43.5075,0.0,Neutra
48,5,FG,12.0516,16.0516,0.2547,0.0,5.6543,12.0,6.7685,Comprimida
48,6,GH,9.7997,13.7997,0.2547,12.0,6.7685,21.7537,7.7168,Comprimida
48,7,HI,9.7997,13.7997,0.2547,21.7537,7.7168,31.5075,6.7685,Comprimida
48,8,IJ,12.0516,16.0516,0.2547,31.5075,6.7685,43.5075,5.6543,Comprimida
48,9,AF,5.6543,7.6543,0.2547,0.0,0.0,0.0,5.6543,Comprimida
48,10,GB,6.7685,10.7685,0.2547,12.0,6.7685,12.0,0.0,Comprimida
48,11,HC,7.7168,11.7168,0.2547,21.7537,7.7168,21.7537,0.0,Tensionada
48,12,ID,6.7685,10.7685,0.2547,31.5075,6.7685,31.5075,0.0,Comprimida
48,13,EJ,5.6543,7.6543,0.2547,43.5075,0.0,43.5075,5.6543,Comprimida
48,14,FB,13.2654,17.2654,0.2547,0.0,5.6543,12.0,0.0,Tensionada
48,15,GC,11.8721,15.8721,0.2547,12.0,6.7685,21.7537,0.0,Tensionada
48,16,IC,11.8721,15.8721,0.2547,31.5075,6.7685,21.7537,0.0,Tensionada
48,17,JD,13.2654,17.2654,0.2547,43.5075,5.6543,31.5075,0.0,Tensionada
49,1,AB,12.0,14.0,0.2547,0.0,0.0,12.0,0.0,Neutra
49,2,BC,9.7537,13.7537,0.2547,12.0,0.0,21.7537,0.0,Tensionada
49,3,CD,9.7537,13.7537,0.2547,21.7537,0.0,31.5075,0.0,Tensionada
49,4,DE,12.0,14.0,0.2547,31.5075,0.0,43.5075,0.0,Neutra
49,5,FG,12.0516,16.0516,0.2547,0.0,5.6543,12.0,6.7685,Comprimida
49,6,GH,9.7997,13.7997,0.2547,12.0,6.7685,21.7537,7.7168,Comprimida
49,7,HI,9.7997,13.7997,0.2547,21.7537,7.7168,31.5075,6.7685,Comprimida
49,8,IJ,12.0516,16.0516,0.2547,31.5075,6.7685,43.5075,5.6543,Comprimida
49,9,AF,5.6543,7.6543,0.2547,0.0,0.0,0.0,5.6543,Comprimida
49,10,GB,6.7685,10.7685,0.2547,12.0,6.7685,12.0,0.0,Comprimida
49,11,HC,7.7168,11.7168,0.2547,21.7537,7.7168,21.7537,0.0,Tensionada
49,12,ID,6.7685,10.7685,0.2547,31.5075,6.7685,31.5075,0.0,Comprimida
49,13,EJ,5.6543,7.6543,0.2547,43.5075,0.0,43.5075,5.6543,Comprimida
49,14,FB,13.2654,17.2654,0.2547,0.0,5.6543,12.0,0.0,Tensionada
49,15,GC,11.8721,15.8721,0.2547,12.0,6.7685,21.7537,0.0,Tensionada
49,16,IC,11.8721,15.8721,0.2547,31.5075,6.7685,21.7537,0.0,Tensionada
49,17,JD,13.2654,17.2654,0.2547,43.5075,5.6543,31.5075,0.0,Tensionada
50,1,AB,12.0,14.0,0.2547,0.0,0.0,12.0,0.0,Neutra
50,2,BC,9.7537,13.7537,0.2547,12.0,0.0,21.7537,0.0,Tensionada
50,3,CD,9.7537,13.7537,0.2547,21.7537,0.0,31.5075,0.0,Tensionada
50,4,DE,12.0,14.0,0.2547,31.5075,0.0,43.5075,0.0,Neutra
50,5,FG,12.0516,16.0516,0.2547,0.0,5.6543,12.0,6.7685,Comprimida
50,6,GH,9.7997,13.7997,0.2547,12.0,6.7685,21.7537,7.7168,Comprimida
50,7,HI,9.7997,13.7997,0.2547,21.7537,7.7168,31.5075,6.7685,Comprimida
50,8,IJ,12.0516,16.0516,0.2547,31.5075,6.7685,43.5075,5.6543,Comprimida
50,9,AF,5.6543,7.6543,0.2547,0.0,0.0,0.0,5.6543,Comprimida
50,10,GB,6.7685,10.7685,0.2547,12.0,6.7685,12.0,0.0,Comprimida
50,11,HC,7.7168,11.7168,0.2547,21.7537,7.7168,21.7537,0.0,Tensionada
50,12,ID,6.7685,10.7685,0.2547,31.5075,6.7685,31.5075,0.0,Comprimida
50,13,EJ,5.6543,7.6543,0.2547,43.5075,0.0,43.5075,5.6543,Comprimida
50,14,FB,13.2654,17.2654,0.2547,0.0,5.6543,12.0,0.0,Tensionada
50,15,GC,11.8721,15.8721,0.2547,12.0,6.7685,21.7537,0.0,Tensionada
50,16,IC,11.8721,15.8721,0.2547,31.5075,6.7685,21.7537,0.0,Tensionada
50,17,JD,13.2654,17.2654,0.2547,43.5075,5.6543,31.5075,0.0,Tensionada
51,1,AB,12.0,14.0,0.2547,0.0,0.0,12.0,0.0,Neutra
51,2,BC,9.7537,13.7537,0.2547,12.0,0.0,21.7537,0.0,Tensionada
51,3,CD,9.7537,13.7537,0.2547,21.7537,0.0,31.5075,0.0,Tensionada
51,4,DE,12.0,14.0,0.2547,31.5075,0.0,43.5075,0.0,Neutra
51,5,FG,12.0516,16.0516,0.2547,0.0,5.6543,12.0,6.7685,Comprimida
51,6,GH,9.7997,13.7997,0.2547,12.0,6.7685,21.7537,7.7168,Comprimida
51,7,HI,9.7997,13.7997,0.2547,21.7537,7.7168,31.5075,6.7685,Comprimida
51,8,IJ,12.0516,16.0516,0.2547,31.5075,6.7685,43.5075,5.6543,Comprimida
51,9,AF,5.6543,7.6543,0.2547,0.0,0.0,0.0,5.6543,Comprimida
51,10,GB,6.7685,10.7685,0.2547,12.0,6.7685,12.0,0.0,Comprimida
51,11,HC,7.7168,11.7168,0.2547,21.7537,7.7168,21.7537,0.0,Tensionada
51,12,ID,6.7685,10.7685,0.2547,31.5075,6.7685,31.5075,0.0,Comprimida
51,13,EJ,5.6543,7.6543,0.2547,43.5075,0.0,43.5075,5.6543,Comprimida
51,14,FB,13.2654,17.2654,0.2547,0.0,5.6543,12.0,0.0,Tensionada
51,15,GC,11.8721,15.8721,0.2547,12.0,6.7685,21.7537,0.0,Tensionada
51,16,IC,11.8721,15.8721,0.2547,31.5075,6.7685,21.7537,0.0,Tensionada
51,17,JD,13.2654,17.2654,0.2547,43.5075,5.6543,31.5075,0.0,Tensionada
52,1,AB,12.0,14.0,0.2547,0.0,0.0,12.0,0.0,Neutra
52,2,BC,9.7537,13.7537,0.2547,12.0,0.0,21.7537,0.0,Tensionada
52,3,CD,9.7537,13.7537,0.2547,21.7537,0.0,31.5075,0.0,Tensionada
52,4,DE,12.0,14.0,0.2547,31.5075,0.0,43.5075,0.0,Neutra
52,5,FG,12.0516,16.0516,0.2547,0.0,5.6543,12.0,6.7685,Comprimida
52,6,GH,9.7997,13.7997,0.2547,12.0,6.7685,21.7537,7.7168,Comprimida
52,7,HI,9.7997,13.7997,0.2547,21.7537,7.7168,31.5075,6.7685,Comprimida
52,8,IJ,12.0516,16.0516,0.2547,31.5075,6.7685,43.5075,5.6543,Comprimida
52,9,AF,5.6543,7.6543,0.2547,0.0,0.0,0.0,5.6543,Comprimida
52,10,GB,6.7685,10.7685,0.2547,12.0,6.7685,12.0,0.0,Comprimida
52,11,HC,7.7168,11.7168,0.2547,21.7537,7.7168,21.7537,0.0,Tensionada
52,12,ID,6.7685,10.7685,0.2547,31.5075,6.7685,31.5075,0.0,Comprimida
52,13,EJ,5.6543,7.6543,0.2547,43.5075,0.0,43.5075,5.6543,Comprimida
52,14,FB,13.2654,17.2654,0.2547,0.0,5.6543,12.0,0.0,Tensionada
52,15,GC,11.8721,15.8721,0.2547,12.0,6.7685,21.7537,0.0,Tensionada
52,16,IC,11.8721,15.8721,0.2547,31.5075,6.7685,21.7537,0.0,Tensionada
52,17,JD,13.2654,17.2654,0.2547,43.5075,5.6543,31.5075,0.0,Tensionada
53,1,AB,12.0,14.0,0.2547,0.0,0.0,12.0,0.0,Neutra
53,2,BC,9.7537,13.7537,0.2547,12.0,0.0,21.7537,0.0,Tensionada
53,3,CD,9.7537,13.7537,0.2547,21.7537,0.0,31.5075,0.0,Tensionada
53,4,DE,12.0,14.0,0.2547,31.5075,0.0,43.5075,0.0,Neutra
53,5,FG,12.0516,16.0516,0.2547,0.0,5.6543,12.0,6.7685,Comprimida
53,6,GH,9.7997,13.7997,0.2547,12.0,6.7685,21.7537,7.7168,Comprimida
53,7,HI,9.7997,13.7997,0.2547,21.7537,7.7168,31.5075,6.7685,Comprimida
53,8,IJ,12.0516,16.0516,0.2547,31.5075,6.7685,43.5075,5.6543,Comprimida
53,9,AF,5.6543,7.6543,0.2547,0.0,0.0,0.0,5.6543,Comprimida
53,10,GB,6.7685,10.7685,0.2547,12.0,6.7685,12.0,0.0,Comprimida
53,11,HC,7.7168,11.7168,0.2547,21.7537,7.7168,21.7537,0.0,Tensionada
53,12,ID,6.7685,10.7685,0.2547,31.5075,6.7685,31.5075,0.0,Comprimida
53,13,EJ,5.6543,7.6543,0.2547,43.5075,0.0,43.5075,5.6543,Comprimida
53,14,FB,13.2654,17.2654,0.2547,0.0,5.6543,12.0,0.0,Tensionada
53,15,GC,11.8721,15.8721,0.2547,12.0,6.7685,21.7537,0.0,Tensionada
53,16,IC,11.8721,15.8721,0.2547,31.5075,6.7685,21.7537,0.0,Tensionada
53,17,JD,13.2654,17.2654,0.2547,43.5075,5.6543,31.5075,0.0,Tensionada
54,1,AB,12.0,14.0,0.2547,0.0,0.0,12.0,0.0,Neutra
54,2,BC,9.7537,13.7537,0.2547,12.0,0.0,21.7537,0.0,Tensionada
54,3,CD,9.7537,13.7537,0.2547,21.7537,0.0,31.5075,0.0,Tensionada
54,4,DE,12.0,14.0,0.2547,31.5075,0.0,43.5075,0.0,Neutra
54,5,FG,12.0516,16.0516,0.2547,0.0,5.6543,12.0,6.7685,Comprimida
54,6,GH,9.7997,13.7997,0.2547,12.0,6.7685,21.7537,7.7168,Comprimida
54,7,HI,9.7997,13.7997,0.2547,21.7537,7.7168,31.5075,6.7685,Comprimida
54,8,IJ,12.0516,16.0516,0.2547,31.5075,6.7685,43.5075,5.6543,Comprimida
54,9,AF,5.6543,7.6543,0.2547,0.0,0.0,0.0,5.6543,Comprimida
54,10,GB,6.7685,10.7685,0.2547,12.0,6.7685,12.0,0.0,Comprimida
54,11,HC,7.7168,11.7168,0.2547,21.7537,7.7168,21.7537,0.0,Tensionada
54,12,ID,6.7685,10.7685,0.2547,31.5075,6.7685,31.5075,0.0,Comprimida
54,13,EJ,5.6543,7.6543,0.2547,43.5075,0.0,43.5075,5.6543,Comprimida
54,14,FB,13.2654,17.2654,0.2547,0.0,5.6543,12.0,0.0,Tensionada
54,15,GC,11.8721,15.8721,0.2547,12.0,6.7685,21.7537,0.0,Tensionada
54,16,IC,11.8721,15.8721,0.2547,31.5075,6.7685,21.7537,0.0,Tensionada
54,17,JD,13.2654,17.2654,0.2547,43.5075,5.6543,31.5075,0.0,Tensionada
55,1,AB,12.0,14.0,0.2547,0.0,0.0,12.0,0.0,Neutra
55,2,BC,9.7537,13.7537,0.2547,12.0,0.0,21.7537,0.0,Tensionada
55,3,CD,9.7537,13.7537,0.2547,21.7537,0.0,31.5075,0.0,Tensionada
55,4,DE,12.0,14.0,0.2547,31.5075,0.0,43.5075,0.0,Neutra
55,5,FG,12.0516,16.0516,0.2547,0.0,5.6543,12.0,6.7685,Comprimida
55,6,GH,9.7997,13.7997,0.2547,12.0,6.7685,21.7537,7.7168,Comprimida
55,7,HI,9.7997,13.7997,0.2547,21.7537,7.7168,31.5075,6.7685,Comprimida
55,8,IJ,12.0516,16.0516,0.2547,31.5075,6.7685,43.5075,5.6543,Comprimida
55,9,AF,5.6543,7.6543,0.2547,0.0,0.0,0.0,5.6543,Comprimida
55,10,GB,6.7685,10.7685,0.2547,12.0,6.7685,12.0,0.0,Comprimida
55,11,HC,7.7168,11.7168,0.2547,21.7537,7.7168,21.7537,0.0,Tensionada
55,12,ID,6.7685,10.7685,0.2547,31.5075,6.7685,31.5075,0.0,Comprimida
55,13,EJ,5.6543,7.6543,0.2547,43.5075,0.0,43.5075,5.6543,Comprimida
55,14,FB,13.2654,17.2654,0.2547,0.0,5.6543,12.0,0.0,Tensionada
55,15,GC,11.8721,15.8721,0.2547,12.0,6.7685,21.7537,0.0,Tensionada
55,16,IC,11.8721,15.8721,0.2547,31.5075,6.7685,21.7537,0.0,Tensionada
55,17,JD,13.2654,17.2654,0.2547,43.5075,5.6543,31.5075,0.0,Tensionada
56,1,AB,12.0,14.0,0.2547,0.0,0.0,12.0,0.0,Neutra
56,2,BC,9.7537,13.7537,0.2547,12.0,0.0,21.7537,0.0,Tensionada
56,3,CD,9.7537,13.7537,0.2547,21.7537,0.0,31.5075,0.0,Tensionada
56,4,DE,12.0,14.0,0.2547,31.5075,0.0,43.5075,0.0,Neutra
56,5,FG,12.0516,16.0516,0.2547,0.0,5.6543,12.0,6.7685,Comprimida
56,6,GH,9.7997,13.7997,0.2547,12.0,6.7685,21.7537,7.7168,Comprimida
56,7,HI,9.7997,13.7997,0.2547,21.7537,7.7168,31.5075,6.7685,Comprimida
56,8,IJ,12.0516,16.0516,0.2547,31.5075,6.7685,43.5075,5.6543,Comprimida
56,9,AF,5.6543,7.6543,0.2547,0.0,0.0,0.0,5.6543,Comprimida
56,10,GB,6.7685,10.7685,0.2547,12.0,6.7685,12.0,0.0,Comprimida
56,11,HC,7.7168,11.7168,0.2547,21.7537,7.7168,21.7537,0.0,Tensionada
56,12,ID,6.7685,10.7685,0.2547,31.5075,6.7685,31.5075,0.0,Comprimida
56,13,EJ,5.6543,7.6543,0.2547,43.5075,0.0,43.5075,5.6543,Comprimida
56,14,FB,13.2654,17.2654,0.2547,0.0,5.6543,12.0,0.0,Tensionada
56,15,GC,11.8721,15.8721,0.2547,12.0,6.7685,21.7537,0.0,Tensionada
56,16,IC,11.8721,15.8721,0.2547,31.5075,6.7685,21.7537,0.0,Tensionada
56,17,JD,13.2654,17.2654,0.2547,43.5075,5.6543,31.5075,0.0,Tensionada
57,1,AB,12.0,14.0,0.2603,0.0,0.0,12.0,0.0,Neutra
57,2,BC,9.5725,13.5725,0.2603,12.0,0.0,21.5725,0.0,Tensionada
57,3,CD,9.5725,13.5725,0.2603,21.5725,0.0,31.145,0.0,Tensionada
57,4,DE,12.0,14.0,0.2603,31.145,0.0,43.145,0.0,Neutra
57,5,FG,12.0657,16.0657,0.2603,0.0,5.2558,12.0,6.5135,Comprimida
57,6,GH,9.6447,13.6447,0.2603,12.0,6.5135,21.5725,7.6913,Comprimida
57,7,HI,9.6447,13.6447,0.2603,21.5725,7.6913,31.145,6.5135,Comprimida
57,8,IJ,12.0657,16.0657,0.2603,31.145,6.5135,43.145,5.2558,Comprimida
57,9,AF,5.2558,7.2558,0.2603,0.0,0.0,0.0,5.2558,Comprimida
57,10,GB,6.5135,10.5135,0.2603,12.0,6.5135,12.0,0.0,Comprimida
57,11,HC,7.6913,11.6913,0.2603,21.5725,7.6913,21.5725,0.0,Tensionada
57,12,ID,6.5135,10.5135,0.2603,31.145,6.5135,31.145,0.0,Comprimida
57,13,EJ,5.2558,7.2558,0.2603,43.145,0.0,43.145,5.2558,Comprimida
57,14,FB,13.1005,17.1005,0.2603,0.0,5.2558,12.0,0.0,Tensionada
57,15,GC,11.5784,15.5784,0.2603,12.0,6.5135,21.5725,0.0,Tensionada
57,16,IC,11.5784,15.5784,0.2603,31.145,6.5135,21.5725,0.0,Tensionada
57,17,JD,13.1005,17.1005,0.2603,43.145,5.2558,31.145,0.0,Tensionada
58,1,AB,12.0,14.0,0.2603,0.0,0.0,12.0,0.0,Neutra
58,2,BC,9.5725,13.5725,0.2603,12.0,0.0,21.5725,0.0,Tensionada
58,3,CD,9.5725,13.5725,0.2603,21.5725,0.0,31.145,0.0,Tensionada
58,4,DE,12.0,14.0,0.2603,31.145,0.0,43.145,0.0,Neutra
58,5,FG,12.0657,16.0657,0.2603,0.0,5.2558,12.0,6.5135,Comprimida
58,6,GH,9.6447,13.6447,0.2603,12.0,6.5135,21.5725,7.6913,Comprimida
58,7,HI,9.6447,13.6447,0.2603,21.5725,7.6913,31.145,6.5135,Comprimida
58,8,IJ,12.0657,16.0657,0.2603,31.145,6.5135,43.145,5.2558,Comprimida
58,9,AF,5.2558,7.2558,0.2603,0.0,0.0,0.0,5.2558,Comprimida
58,10,GB,6.5135,10.5135,0.2603,12.0,6.5135,12.0,0.0,Comprimida
58,11,HC,7.6913,11.6913,0.2603,21.5725,7.6913,21.5725,0.0,Tensionada
58,12,ID,6.5135,10.5135,0.2603,31.145,6.5135,31.145,0.0,Comprimida
58,13,EJ,5.2558,7.2558,0.2603,43.145,0.0,43.145,5.2558,Comprimida
58,14,FB,13.1005,17.1005,0.2603,0.0,5.2558,12.0,0.0,Tensionada
58,15,GC,11.5784,15.5784,0.2603,12.0,6.5135,21.5725,0.0,Tensionada
58,16,IC,11.5784,15.5784,0.2603,31.145,6.5135,21.5725,0.0,Tensionada
58,17,JD,13.1005,17.1005,0.2603,43.145,5.2558,31.145,0.0,Tensionada
59,1,AB,12.0,14.0,0.2603,0.0,0.0,12.0,0.0,Neutra
59,2,BC,9.5725,13.5725,0.2603,12.0,0.0,21.5725,0.0,Tensionada
59,3,CD,9.5725,13.5725,0.2603,21.5725,0.0,31.145,0.0,Tensionada
59,4,DE,12.0,14.0,0.2603,31.145,0.0,43.145,0.0,Neutra
59,5,FG,12.0657,16.0657,0.2603,0.0,5.2558,12.0,6.5135,Comprimida
59,6,GH,9.6447,13.6447,0.2603,12.0,6.5135,21.5725,7.6913,Comprimida
59,7,HI,9.6447,13.6447,0.2603,21.5725,7.6913,31.145,6.5135,Comprimida
59,8,IJ,12.0657,16.0657,0.2603,31.145,6.5135,43.145,5.2558,Comprimida
59,9,AF,5.2558,7.2558,0.2603,0.0,0.0,0.0,5.2558,Comprimida
59,10,GB,6.5135,10.5135,0.2603,12.0,6.5135,12.0,0.0,Comprimida
59,11,HC,7.6913,11.6913,0.2603,21.5725,7.6913,21.5725,0.0,Tensionada
59,12,ID,6.5135,10.5135,0.2603,31.145,6.5135,31.145,0.0,Comprimida
59,13,EJ,5.2558,7.2558,0.2603,43.145,0.0,43.145,5.2558,Comprimida
59,14,FB,13.1005,17.1005,0.2603,0.0,5.2558,12.0,0.0,Tensionada
59,15,GC,11.5784,15.5784,0.2603,12.0,6.5135,21.5725,0.0,Tensionada
59,16,IC,11.5784,15.5784,0.2603,31.145,6.5135,21.5725,0.0,Tensionada
59,17,JD,13.1005,17.1005,0.2603,43.145,5.2558,31.145,0.0,Tensionada
60,1,AB,12.0,14.0,0.2603,0.0,0.0,12.0,0.0,Neutra
60,2,BC,9.5725,13.5725,0.2603,12.0,0.0,21.5725,0.0,Tensionada
60,3,CD,9.5725,13.5725,0.2603,21.5725,0.0,31.145,0.0,Tensionada
60,4,DE,12.0,14.0,0.2603,31.145,0.0,43.145,0.0,Neutra
60,5,FG,12.0657,16.0657,0.2603,0.0,5.2558,12.0,6.5135,Comprimida
60,6,GH,9.6447,13.6447,0.2603,12.0,6.5135,21.5725,7.6913,Comprimida
60,7,HI,9.6447,13.6447,0.2603,21.5725,7.6913,31.145,6.5135,Comprimida
60,8,IJ,12.0657,16.0657,0.2603,31.145,6.5135,43.145,5.2558,Comprimida
60,9,AF,5.2558,7.2558,0.2603,0.0,0.0,0.0,5.2558,Comprimida
60,10,GB,6.5135,10.5135,0.2603,12.0,6.5135,12.0,0.0,Comprimida
60,11,HC,7.6913,11.6913,0.2603,21.5725,7.6913,21.5725,0.0,Tensionada
60,12,ID,6.5135,10.5135,0.2603,31.145,6.5135,31.145,0.0,Comprimida
60,13,EJ,5.2558,7.2558,0.2603,43.145,0.0,43.145,5.2558,Comprimida
60,14,FB,13.1005,17.1005,0.2603,0.0,5.2558,12.0,0.0,Tensionada
60,15,GC,11.5784,15.5784,0.2603,12.0,6.5135,21.5725,0.0,Tensionada
60,16,IC,11.5784,15.5784,0.2603,31.145,6.5135,21.5725,0.0,Tensionada
60,17,JD,13.1005,17.1005,0.2603,43.145,5.2558,31.145,0.0,Tensionada
61,1,AB,12.0,14.0,0.2603,0.0,0.0,12.0,0.0,Neutra
61,2,BC,9.5725,13.5725,0.2603,12.0,0.0,21.5725,0.0,Tensionada
61,3,CD,9.5725,13.5725,0.2603,21.5725,0.0,31.145,0.0,Tensionada
61,4,DE,12.0,14.0,0.2603,31.145,0.0,43.145,0.0,Neutra
61,5,FG,12.0657,16.0657,0.2603,0.0,5.2558,12.0,6.5135,Comprimida
61,6,GH,9.6447,13.6447,0.2603,12.0,6.5135,21.5725,7.6913,Comprimida
61,7,HI,9.6447,13.6447,0.2603,21.5725,7.6913,31.145,6.5135,Comprimida
61,8,IJ,12.0657,16.0657,0.2603,31.145,6.5135,43.145,5.2558,Comprimida
61,9,AF,5.2558,7.2558,0.2603,0.0,0.0,0.0,5.2558,Comprimida
61,10,GB,6.5135,10.5135,0.2603,12.0,6.5135,12.0,0.0,Comprimida
61,11,HC,7.6913,11.6913,0.2603,21.5725,7.6913,21.5725,0.0,Tensionada
61,12,ID,6.5135,10.5135,0.2603,31.145,6.5135,31.145,0.0,Comprimida
61,13,EJ,5.2558,7.2558,0.2603,43.145,0.0,43.145,5.2558,Comprimida
61,14,FB,13.1005,17.1005,0.2603,0.0,5.2558,12.0,0.0,Tensionada
61,15,GC,11.5784,15.5784,0.2603,12.0,6.5135,21.5725,0.0,Tensionada
61,16,IC,11.5784,15.5784,0.2603,31.145,6.5135,21.5725,0.0,Tensionada
61,17,JD,13.1005,17.1005,0.2603,43.145,5.2558,31.145,0.0,Tensionada
62,1,AB,12.0,14.0,0.2603,0.0,0.0,12.0,0.0,Neutra
62,2,BC,9.5725,13.5725,0.2603,12.0,0.0,21.5725,0.0,Tensionada
62,3,CD,9.5725,13.5725,0.2603,21.5725,0.0,31.145,0.0,Tensionada
62,4,DE,12.0,14.0,0.2603,31.145,0.0,43.145,0.0,Neutra
62,5,FG,12.0657,16.0657,0.2603,0.0,5.2558,12.0,6.5135,Comprimida
62,6,GH,9.6447,13.6447,0.2603,12.0,6.5135,21.5725,7.6913,Comprimida
62,7,HI,9.6447,13.6447,0.2603,21.5725,7.6913,31.145,6.5135,Comprimida
62,8,IJ,12.0657,16.0657,0.2603,31.145,6.5135,43.145,5.2558,Comprimida
62,9,AF,5.2558,7.2558,0.2603,0.0,0.0,0.0,5.2558,Comprimida
62,10,GB,6.5135,10.5135,0.2603,12.0,6.5135,12.0,0.0,Comprimida
62,11,HC,7.6913,11.6913,0.2603,21.5725,7.6913,21.5725,0.0,Tensionada
62,12,ID,6.5135,10.5135,0.2603,31.145,6.5135,31.145,0.0,Comprimida
62,13,EJ,5.2558,7.2558,0.2603,43.145,0.0,43.145,5.2558,Comprimida
62,14,FB,13.1005,17.1005,0.2603,0.0,5.2558,12.0,0.0,Tensionada
62,15,GC,11.5784,15.5784,0.2603,12.0,6.5135,21.5725,0.0,Tensionada
62,16,IC,11.5784,15.5784,0.2603,31.145,6.5135,21.5725,0.0,Tensionada
62,17,JD,13.1005,17.1005,0.2603,43.145,5.2558,31.145,0.0,Tensionada
63,1,AB,12.0,14.0,0.2603,0.0,0.0,12.0,0.0,Neutra
63,2,BC,9.5725,13.5725,0.2603,12.0,0.0,21.5725,0.0,Tensionada
63,3,CD,9.5725,13.5725,0.2603,21.5725,0.0,31.145,0.0,Tensionada
63,4,DE,12.0,14.0,0.2603,31.145,0.0,43.145,0.0,Neutra
63,5,FG,12.0657,16.0657,0.2603,0.0,5.2558,12.0,6.5135,Comprimida
63,6,GH,9.6447,13.6447,0.2603,12.0,6.5135,21.5725,7.6913,Comprimida
63,7,HI,9.6447,13.6447,0.2603,21.5725,7.6913,31.145,6.5135,Comprimida
63,8,IJ,12.0657,16.0657,0.2603,31.145,6.5135,43.145,5.2558,Comprimida
63,9,AF,5.2558,7.2558,0.2603,0.0,0.0,0.0,5.2558,Comprimida
63,10,GB,6.5135,10.5135,0.2603,12.0,6.5135,12.0,0.0,Comprimida
63,11,HC,7.6913,11.6913,0.2603,21.5725,7.6913,21.5725,0.0,Tensionada
63,12,ID,6.5135,10.5135,0.2603,31.145,6.5135,31.145,0.0,Comprimida
63,13,EJ,5.2558,7.2558,0.2603,43.145,0.0,43.145,5.2558,Comprimida
63,14,FB,13.1005,17.1005,0.2603,0.0,5.2558,12.0,0.0,Tensionada
63,15,GC,11.5784,15.5784,0.2603,12.0,6.5135,21.5725,0.0,Tensionada
63,16,IC,11.5784,15.5784,0.2603,31.145,6.5135,21.5725,0.0,Tensionada
63,17,JD,13.1005,17.1005,0.2603,43.145,5.2558,31.145,0.0,Tensionada
64,1,AB,12.0,14.0,0.2603,0.0,0.0,12.0,0.0,Neutra
64,2,BC,9.5725,13.5725,0.2603,12.0,0.0,21.5725,0.0,Tensionada
64,3,CD,9.5725,13.5725,0.2603,21.5725,0.0,31.145,0.0,Tensionada
64,4,DE,12.0,14.0,0.2603,31.145,0.0,43.145,0.0,Neutra
64,5,FG,12.0657,16.0657,0.2603,0.0,5.2558,12.0,6.5135,Comprimida
64,6,GH,9.6447,13.6447,0.2603,12.0,6.5135,21.5725,7.6913,Comprimida
64,7,HI,9.6447,13.6447,0.2603,21.5725,7.6913,31.145,6.5135,Comprimida
64,8,IJ,12.0657,16.0657,0.2603,31.145,6.5135,43.145,5.2558,Comprimida
64,9,AF,5.2558,7.2558,0.2603,0.0,0.0,0.0,5.2558,Comprimida
64,10,GB,6.5135,10.5135,0.2603,12.0,6.5135,12.0,0.0,Comprimida
64,11,HC,7.6913,11.6913,0.2603,21.5725,7.6913,21.5725,0.0,Tensionada
64,12,ID,6.5135,10.5135,0.2603,31.145,6.5135,31.145,0.0,Comprimida
64,13,EJ,5.2558,7.2558,0.2603,43.145,0.0,43.145,5.2558,Comprimida
64,14,FB,13.1005,17.1005,0.2603,0.0,5.2558,12.0,0.0,Tensionada
64,15,GC,11.5784,15.5784,0.2603,12.0,6.5135,21.5725,0.0,Tensionada
64,16,IC,11.5784,15.5784,0.2603,31.145,6.5135,21.5725,0.0,Tensionada
64,17,JD,13.1005,17.1005,0.2603,43.145,5.2558,31.145,0.0,Tensionada
65,1,AB,12.0,14.0,0.2603,0.0,0.0,12.0,0.0,Neutra
65,2,BC,9.5725,13.5725,0.2603,12.0,0.0,21.5725,0.0,Tensionada
65,3,CD,9.5725,13.5725,0.2603,21.5725,0.0,31.145,0.0,Tensionada
65,4,DE,12.0,14.0,0.2603,31.145,0.0,43.145,0.0,Neutra
65,5,FG,12.0657,16.0657,0.2603,0.0,5.2558,12.0,6.5135,Comprimida
65,6,GH,9.6447,13.6447,0.2603,12.0,6.5135,21.5725,7.6913,Comprimida
65,7,HI,9.6447,13.6447,0.2603,21.5725,7.6913,31.145,6.5135,Comprimida
65,8,IJ,12.0657,16.0657,0.2603,31.145,6.5135,43.145,5.2558,Comprimida
65,9,AF,5.2558,7.2558,0.2603,0.0,0.0,0.0,5.2558,Comprimida
65,10,GB,6.5135,10.5135,0.2603,12.0,6.5135,12.0,0.0,Comprimida
65,11,HC,7.6913,11.6913,0.2603,21.5725,7.6913,21.5725,0.0,Tensionada
65,12,ID,6.5135,10.5135,0.2603,31.145,6.5135,31.145,0.0,Comprimida
65,13,EJ,5.2558,7.2558,0.2603,43.145,0.0,43.145,5.2558,Comprimida
65,14,FB,13.1005,17.1005,0.2603,0.0,5.2558,12.0,0.0,Tensionada
65,15,GC,11.5784,15.5784,0.2603,12.0,6.5135,21.5725,0.0,Tensionada
65,16,IC,11.5784,15.5784,0.2603,31.145,6.5135,21.5725,0.0,Tensionada
65,17,JD,13.1005,17.1005,0.2603,43.145,5.2558,31.145,0.0,Tensionada
66,1,AB,12.0,14.0,0.2603,0.0,0.0,12.0,0.0,Neutra
66,2,BC,9.5725,13.5725,0.2603,12.0,0.0,21.5725,0.0,Tensionada
66,3,CD,9.5725,13.5725,0.2603,21.5725,0.0,31.145,0.0,Tensionada
66,4,DE,12.0,14.0,0.2603,31.145,0.0,43.145,0.0,Neutra
66,5,FG,12.0657,16.0657,0.2603,0.0,5.2558,12.0,6.5135,Comprimida
66,6,GH,9.6447,13.6447,0.2603,12.0,6.5135,21.5725,7.6913,Comprimida
66,7,HI,9.6447,13.6447,0.2603,21.5725,7.6913,31.145,6.5135,Comprimida
66,8,IJ,12.0657,16.0657,0.2603,31.145,6.5135,43.145,5.2558,Comprimida
66,9,AF,5.2558,7.2558,0.2603,0.0,0.0,0.0,5.2558,Comprimida
66,10,GB,6.5135,10.5135,0.2603,12.0,6.5135,12.0,0.0,Comprimida
66,11,HC,7.6913,11.6913,0.2603,21.5725,7.6913,21.5725,0.0,Tensionada
66,12,ID,6.5135,10.5135,0.2603,31.145,6.5135,31.145,0.0,Comprimida
66,13,EJ,5.2558,7.2558,0.2603,43.145,0.0,43.145,5.2558,Comprimida
66,14,FB,13.1005,17.1005,0.2603,0.0,5.2558,12.0,0.0,Tensionada
66,15,GC,11.5784,15.5784,0.2603,12.0,6.5135,21.5725,0.0,Tensionada
66,16,IC,11.5784,15.5784,0.2603,31.145,6.5135,21.5725,0.0,Tensionada
66,17,JD,13.1005,17.1005,0.2603,43.145,5.2558,31.145,0.0,Tensionada
67,1,AB,12.0,14.0,0.2603,0.0,0.0,12.0,0.0,Neutra
67,2,BC,9.5725,13.5725,0.2603,12.0,0.0,21.5725,0.0,Tensionada
67,3,CD,9.5725,13.5725,0.2603,21.5725,0.0,31.145,0.0,Tensionada
67,4,DE,12.0,14.0,0.2603,31.145,0.0,43.145,0.0,Neutra
67,5,FG,12.0657,16.0657,0.2603,0.0,5.2558,12.0,6.5135,Comprimida
67,6,GH,9.6447,13.6447,0.2603,12.0,6.5135,21.5725,7.6913,Comprimida
67,7,HI,9.6447,13.6447,0.2603,21.5725,7.6913,31.145,6.5135,Comprimida
67,8,IJ,12.0657,16.0657,0.2603,31.145,6.5135,43.145,5.2558,Comprimida
67,9,AF,5.2558,7.2558,0.2603,0.0,0.0,0.0,5.2558,Comprimida
67,10,GB,6.5135,10.5135,0.2603,12.0,6.5135,12.0,0.0,Comprimida
67,11,HC,7.6913,11.6913,0.2603,21.5725,7.6913,21.5725,0.0,Tensionada
67,12,ID,6.5135,10.5135,0.2603,31.145,6.5135,31.145,0.0,Comprimida
67,13,EJ,5.2558,7.2558,0.2603,43.145,0.0,43.145,5.2558,Comprimida
67,14,FB,13.1005,17.1005,0.2603,0.0,5.2558,12.0,0.0,Tensionada
67,15,GC,11.5784,15.5784,0.2603,12.0,6.5135,21.5725,0.0,Tensionada
67,16,IC,11.5784,15.5784,0.2603,31.145,6.5135,21.5725,0.0,Tensionada
67,17,JD,13.1005,17.1005,0.2603,43.145,5.2558,31.145,0.0,Tensionada
68,1,AB,12.0,14.0,0.2603,0.0,0.0,12.0,0.0,Neutra
68,2,BC,9.5725,13.5725,0.2603,12.0,0.0,21.5725,0.0,Tensionada
68,3,CD,9.5725,13.5725,0.2603,21.5725,0.0,31.145,0.0,Tensionada
68,4,DE,12.0,14.0,0.2603,31.145,0.0,43.145,0.0,Neutra
68,5,FG,12.0657,16.0657,0.2603,0.0,5.2558,12.0,6.5135,Comprimida
68,6,GH,9.6447,13.6447,0.2603,12.0,6.5135,21.5725,7.6913,Comprimida
68,7,HI,9.6447,13.6447,0.2603,21.5725,7.6913,31.145,6.5135,Comprimida
68,8,IJ,12.0657,16.0657,0.2603,31.145,6.5135,43.145,5.2558,Comprimida
68,9,AF,5.2558,7.2558,0.2603,0.0,0.0,0.0,5.2558,Comprimida
68,10,GB,6.5135,10.5135,0.2603,12.0,6.5135,12.0,0.0,Comprimida
68,11,HC,7.6913,11.6913,0.2603,21.5725,7.6913,21.5725,0.0,Tensionada
68,12,ID,6.5135,10.5135,0.2603,31.145,6.5135,31.145,0.0,Comprimida
68,13,EJ,5.2558,7.2558,0.2603,43.145,0.0,43.145,5.2558,Comprimida
68,14,FB,13.1005,17.1005,0.2603,0.0,5.2558,12.0,0.0,Tensionada
68,15,GC,11.5784,15.5784,0.2603,12.0,6.5135,21.5725,0.0,Tensionada
68,16,IC,11.5784,15.5784,0.2603,31.145,6.5135,21.5725,0.0,Tensionada
68,17,JD,13.1005,17.1005,0.2603,43.145,5.2558,31.145,0.0,Tensionada
69,1,AB,12.0,14.0,0.2603,0.0,0.0,12.0,0.0,Neutra
69,2,BC,9.5725,13.5725,0.2603,12.0,0.0,21.5725,0.0,Tensionada
69,3,CD,9.5725,13.5725,0.2603,21.5725,0.0,31.145,0.0,Tensionada
69,4,DE,12.0,14.0,0.2603,31.145,0.0,43.145,0.0,Neutra
69,5,FG,12.0657,16.0657,0.2603,0.0,5.2558,12.0,6.5135,Comprimida
69,6,GH,9.6447,13.6447,0.2603,12.0,6.5135,21.5725,7.6913,Comprimida
69,7,HI,9.6447,13.6447,0.2603,21.5725,7.6913,31.145,6.5135,Comprimida
69,8,IJ,12.0657,16.0657,0.2603,31.145,6.5135,43.145,5.2558,Comprimida
69,9,AF,5.2558,7.2558,0.2603,0.0,0.0,0.0,5.2558,Comprimida
69,10,GB,6.5135,10.5135,0.2603,12.0,6.5135,12.0,0.0,Comprimida
69,11,HC,7.6913,11.6913,0.2603,21.5725,7.6913,21.5725,0.0,Tensionada
69,12,ID,6.5135,10.5135,0.2603,31.145,6.5135,31.145,0.0,Comprimida
69,13,EJ,5.2558,7.2558,0.2603,43.145,0.0,43.145,5.2558,Comprimida
69,14,FB,13.1005,17.1005,0.2603,0.0,5.2558,12.0,0.0,Tensionada
69,15,GC,11.5784,15.5784,0.2603,12.0,6.5135,21.5725,0.0,Tensionada
69,16,IC,11.5784,15.5784,0.2603,31.145,6.5135,21.5725,0.0,Tensionada
69,17,JD,13.1005,17.1005,0.2603,43.145,5.2558,31.145,0.0,Tensionada
70,1,AB,12.0,14.0,0.2603,0.0,0.0,12.0,0.0,Neutra
70,2,BC,9.5725,13.5725,0.2603,12.0,0.0,21.5725,0.0,Tensionada
70,3,CD,9.5725,13.5725,0.2603,21.5725,0.0,31.145,0.0,Tensionada
70,4,DE,12.0,14.0,0.2603,31.145,0.0,43.145,0.0,Neutra
70,5,FG,12.0657,16.0657,0.2603,0.0,5.2558,12.0,6.5135,Comprimida
70,6,GH,9.6447,13.6447,0.2603,12.0,6.5135,21.5725,7.6913,Comprimida
70,7,HI,9.6447,13.6447,0.2603,21.5725,7.6913,31.145,6.5135,Comprimida
70,8,IJ,12.0657,16.0657,0.2603,31.145,6.5135,43.145,5.2558,Comprimida
70,9,AF,5.2558,7.2558,0.2603,0.0,0.0,0.0,5.2558,Comprimida
70,10,GB,6.5135,10.5135,0.2603,12.0,6.5135,12.0,0.0,Comprimida
70,11,HC,7.6913,11.6913,0.2603,21.5725,7.6913,21.5725,0.0,Tensionada
70,12,ID,6.5135,10.5135,0.2603,31.145,6.5135,31.145,0.0,Comprimida
70,13,EJ,5.2558,7.2558,0.2603,43.145,0.0,43.145,5.2558,Comprimida
70,14,FB,13.1005,17.1005,0.2603,0.0,5.2558,12.0,0.0,Tensionada
70,15,GC,11.5784,15.5784,0.2603,12.0,6.5135,21.5725,0.0,Tensionada
70,16,IC,11.5784,15.5784,0.2603,31.145,6.5135,21.5725,0.0,Tensionada
70,17,JD,13.1005,17.1005,0.2603,43.145,5.2558,31.145,0.0,Tensionada
71,1,AB,12.0,14.0,0.2603,0.0,0.0,12.0,0.0,Neutra
71,2,BC,9.5725,13.5725,0.2603,12.0,0.0,21.5725,0.0,Tensionada
71,3,CD,9.5725,13.5725,0.2603,21.5725,0.0,31.145,0.0,Tensionada
71,4,DE,12.0,14.0,0.2603,31.145,0.0,43.145,0.0,Neutra
71,5,FG,12.0657,16.0657,0.2603,0.0,5.2558,12.0,6.5135,Comprimida
71,6,GH,9.6447,13.6447,0.2603,12.0,6.5135,21.5725,7.6913,Comprimida
71,7,HI,9.6447,13.6447,0.2603,21.5725,7.6913,31.145,6.5135,Comprimida
71,8,IJ,12.0657,16.0657,0.2603,31.145,6.5135,43.145,5.2558,Comprimida
71,9,AF,5.2558,7.2558,0.2603,0.0,0.0,0.0,5.2558,Comprimida
71,10,GB,6.5135,10.5135,0.2603,12.0,6.5135,12.0,0.0,Comprimida
71,11,HC,7.6913,11.6913,0.2603,21.5725,7.6913,21.5725,0.0,Tensionada
71,12,ID,6.5135,10.5135,0.2603,31.145,6.5135,31.145,0.0,Comprimida
71,13,EJ,5.2558,7.2558,0.2603,43.145,0.0,43.145,5.2558,Comprimida
71,14,FB,13.1005,17.1005,0.2603,0.0,5.2558,12.0,0.0,Tensionada
71,15,GC,11.5784,15.5784,0.2603,12.0,6.5135,21.5725,0.0,Tensionada
71,16,IC,11.5784,15.5784,0.2603,31.145,6.5135,21.5725,0.0,Tensionada
71,17,JD,13.1005,17.1005,0.2603,43.145,5.2558,31.145,0.0,Tensionada
72,1,AB,12.0,14.0,0.2603,0.0,0.0,12.0,0.0,Neutra
72,2,BC,9.5725,13.5725,0.2603,12.0,0.0,21.5725,0.0,Tensionada
72,3,CD,9.5725,13.5725,0.2603,21.5725,0.0,31.145,0.0,Tensionada
72,4,DE,12.0,14.0,0.2603,31.145,0.0,43.145,0.0,Neutra
72,5,FG,12.0657,16.0657,0.2603,0.0,5.2558,12.0,6.5135,Comprimida
72,6,GH,9.6447,13.6447,0.2603,12.0,6.5135,21.5725,7.6913,Comprimida
72,7,HI,9.6447,13.6447,0.2603,21.5725,7.6913,31.145,6.5135,Comprimida
72,8,IJ,12.0657,16.0657,0.2603,31.145,6.5135,43.145,5.2558,Comprimida
72,9,AF,5.2558,7.2558,0.2603,0.0,0.0,0.0,5.2558,Comprimida
72,10,GB,6.5135,10.5135,0.2603,12.0,6.5135,12.0,0.0,Comprimida
72,11,HC,7.6913,11.6913,0.2603,21.5725,7.6913,21.5725,0.0,Tensionada
72,12,ID,6.5135,10.5135,0.2603,31.145,6.5135,31.145,0.0,Comprimida
72,13,EJ,5.2558,7.2558,0.2603,43.145,0.0,43.145,5.2558,Comprimida
72,14,FB,13.1005,17.1005,0.2603,0.0,5.2558,12.0,0.0,Tensionada
72,15,GC,11.5784,15.5784,0.2603,12.0,6.5135,21.5725,0.0,Tensionada
72,16,IC,11.5784,15.5784,0.2603,31.145,6.5135,21.5725,0.0,Tensionada
72,17,JD,13.1005,17.1005,0.2603,43.145,5.2558,31.145,0.0,Tensionada
73,1,AB,12.0,14.0,0.2603,0.0,0.0,12.0,0.0,Neutra
73,2,BC,9.5725,13.5725,0.2603,12.0,0.0,21.5725,0.0,Tensionada
73,3,CD,9.5725,13.5725,0.2603,21.5725,0.0,31.145,0.0,Tensionada
73,4,DE,12.0,14.0,0.2603,31.145,0.0,43.145,0.0,Neutra
73,5,FG,12.0657,16.0657,0.2603,0.0,5.2558,12.0,6.5135,Comprimida
73,6,GH,9.6447,13.6447,0.2603,12.0,6.5135,21.5725,7.6913,Comprimida
73,7,HI,9.6447,13.6447,0.2603,21.5725,7.6913,31.145,6.5135,Comprimida
73,8,IJ,12.0657,16.0657,0.2603,31.145,6.5135,43.145,5.2558,Comprimida
73,9,AF,5.2558,7.2558,0.2603,0.0,0.0,0.0,5.2558,Comprimida
73,10,GB,6.5135,10.5135,0.2603,12.0,6.5135,12.0,0.0,Comprimida
73,11,HC,7.6913,11.6913,0.2603,21.5725,7.6913,21.5725,0.0,Tensionada
73,12,ID,6.5135,10.5135,0.2603,31.145,6.5135,31.145,0.0,Comprimida
73,13,EJ,5.2558,7.2558,0.2603,43.145,0.0,43.145,5.2558,Comprimida
73,14,FB,13.1005,17.1005,0.2603,0.0,5.2558,12.0,0.0,Tensionada
73,15,GC,11.5784,15.5784,0.2603,12.0,6.5135,21.5725,0.0,Tensionada
73,16,IC,11.5784,15.5784,0.2603,31.145,6.5135,21.5725,0.0,Tensionada
73,17,JD,13.1005,17.1005,0.2603,43.145,5.2558,31.145,0.0,Tensionada
74,1,AB,12.0,14.0,0.2603,0.0,0.0,12.0,0.0,Neutra
74,2,BC,9.5725,13.5725,0.2603,12.0,0.0,21.5725,0.0,Tensionada
74,3,CD,9.5725,13.5725,0.2603,21.5725,0.0,31.145,0.0,Tensionada
74,4,DE,12.0,14.0,0.2603,31.145,0.0,43.145,0.0,Neutra
74,5,FG,12.0657,16.0657,0.2603,0.0,5.2558,12.0,6.5135,Comprimida
74,6,GH,9.6447,13.6447,0.2603,12.0,6.5135,21.5725,7.6913,Comprimida
74,7,HI,9.6447,13.6447,0.2603,21.5725,7.6913,31.145,6.5135,Comprimida
74,8,IJ,12.0657,16.0657,0.2603,31.145,6.5135,43.145,5.2558,Comprimida
74,9,AF,5.2558,7.2558,0.2603,0.0,0.0,0.0,5.2558,Comprimida
74,10,GB,6.5135,10.5135,0.2603,12.0,6.5135,12.0,0.0,Comprimida
74,11,HC,7.6913,11.6913,0.2603,21.5725,7.6913,21.5725,0.0,Tensionada
74,12,ID,6.5135,10.5135,0.2603,31.145,6.5135,31.145,0.0,Comprimida
74,13,EJ,5.2558,7.2558,0.2603,43.145,0.0,43.145,5.2558,Comprimida
74,14,FB,13.1005,17.1005,0.2603,0.0,5.2558,12.0,0.0,Tensionada
74,15,GC,11.5784,15.5784,0.2603,12.0,6.5135,21.5725,0.0,Tensionada
74,16,IC,11.5784,15.5784,0.2603,31.145,6.5135,21.5725,0.0,Tensionada
74,17,JD,13.1005,17.1005,0.2603,43.145,5.2558,31.145,0.0,Tensionada
75,1,AB,12.0,14.0,0.2603,0.0,0.0,12.0,0.0,Neutra
75,2,BC,9.5725,13.5725,0.2603,12.0,0.0,21.5725,0.0,Tensionada
75,3,CD,9.5725,13.5725,0.2603,21.5725,0.0,31.145,0.0,Tensionada
75,4,DE,12.0,14.0,0.2603,31.145,0.0,43.145,0.0,Neutra
75,5,FG,12.0657,16.0657,0.2603,0.0,5.2558,12.0,6.5135,Comprimida
75,6,GH,9.6447,13.6447,0.2603,12.0,6.5135,21.5725,7.6913,Comprimida
75,7,HI,9.6447,13.6447,0.2603,21.5725,7.6913,31.145,6.5135,Comprimida
75,8,IJ,12.0657,16.0657,0.2603,31.145,6.5135,43.145,5.2558,Comprimida
75,9,AF,5.2558,7.2558,0.2603,0.0,0.0,0.0,5.2558,Comprimida
75,10,GB,6.5135,10.5135,0.2603,12.0,6.5135,12.0,0.0,Comprimida
75,11,HC,7.6913,11.6913,0.2603,21.5725,7.6913,21.5725,0.0,Tensionada
75,12,ID,6.5135,10.5135,0.2603,31.145,6.5135,31.145,0.0,Comprimida
75,13,EJ,5.2558,7.2558,0.2603,43.145,0.0,43.145,5.2558,Comprimida
75,14,FB,13.1005,17.1005,0.2603,0.0,5.2558,12.0,0.0,Tensionada
75,15,GC,11.5784,15.5784,0.2603,12.0,6.5135,21.5725,0.0,Tensionada
75,16,IC,11.5784,15.5784,0.2603,31.145,6.5135,21.5725,0.0,Tensionada
75,17,JD,13.1005,17.1005,0.2603,43.145,5.2558,31.145,0.0,Tensionada
76,1,AB,12.0,14.0,0.2603,0.0,0.0,12.0,0.0,Neutra
76,2,BC,9.5725,13.5725,0.2603,12.0,0.0,21.5725,0.0,Tensionada
76,3,CD,9.5725,13.5725,0.2603,21.5725,0.0,31.145,0.0,Tensionada
76,4,DE,12.0,14.0,0.2603,31.145,0.0,43.145,0.0,Neutra
76,5,FG,12.0657,16.0657,0.2603,0.0,5.2558,12.0,6.5135,Comprimida
76,6,GH,9.6447,13.6447,0.2603,12.0,6.5135,21.5725,7.6913,Comprimida
76,7,HI,9.6447,13.6447,0.2603,21.5725,7.6913,31.145,6.5135,Comprimida
76,8,IJ,12.0657,16.0657,0.2603,31.145,6.5135,43.145,5.2558,Comprimida
76,9,AF,5.2558,7.2558,0.2603,0.0,0.0,0.0,5.2558,Comprimida
76,10,GB,6.5135,10.5135,0.2603,12.0,6.5135,12.0,0.0,Comprimida
76,11,HC,7.6913,11.6913,0.2603,21.5725,7.6913,21.5725,0.0,Tensionada
76,12,ID,6.5135,10.5135,0.2603,31.145,6.5135,31.145,0.0,Comprimida
76,13,EJ,5.2558,7.2558,0.2603,43.145,0.0,43.145,5.2558,Comprimida
76,14,FB,13.1005,17.1005,0.2603,0.0,5.2558,12.0,0.0,Tensionada
76,15,GC,11.5784,15.5784,0.2603,12.0,6.5135,21.5725,0.0,Tensionada
76,16,IC,11.5784,15.5784,0.2603,31.145,6.5135,21.5725,0.0,Tensionada
76,17,JD,13.1005,17.1005,0.2603,43.145,5.2558,31.145,0.0,Tensionada
77,1,AB,12.0,14.0,0.2603,0.0,0.0,12.0,0.0,Neutra
77,2,BC,9.5725,13.5725,0.2603,12.0,0.0,21.5725,0.0,Tensionada
77,3,CD,9.5725,13.5725,0.2603,21.5725,0.0,31.145,0.0,Tensionada
77,4,DE,12.0,14.0,0.2603,31.145,0.0,43.145,0.0,Neutra
77,5,FG,12.0657,16.0657,0.2603,0.0,5.2558,12.0,6.5135,Comprimida
77,6,GH,9.6447,13.6447,0.2603,12.0,6.5135,21.5725,7.6913,Comprimida
77,7,HI,9.6447,13.6447,0.2603,21.5725,7.6913,31.145,6.5135,Comprimida
77,8,IJ,12.0657,16.0657,0.2603,31.145,6.5135,43.145,5.2558,Comprimida
77,9,AF,5.2558,7.2558,0.2603,0.0,0.0,0.0,5.2558,Comprimida
77,10,GB,6.5135,10.5135,0.2603,12.0,6.5135,12.0,0.0,Comprimida
77,11,HC,7.6913,11.6913,0.2603,21.5725,7.6913,21.5725,0.0,Tensionada
77,12,ID,6.5135,10.5135,0.2603,31.145,6.5135,31.145,0.0,Comprimida
77,13,EJ,5.2558,7.2558,0.2603,43.145,0.0,43.145,5.2558,Comprimida
77,14,FB,13.1005,17.1005,0.2603,0.0,5.2558,12.0,0.0,Tensionada
77,15,GC,11.5784,15.5784,0.2603,12.0,6.5135,21.5725,0.0,Tensionada
77,16,IC,11.5784,15.5784,0.2603,31.145,6.5135,21.5725,0.0,Tensionada
77,17,JD,13.1005,17.1005,0.2603,43.145,5.2558,31.145,0.0,Tensionada
78,1,AB,12.0,14.0,0.2603,0.0,0.0,12.0,0.0,Neutra
78,2,BC,9.5725,13.5725,0.2603,12.0,0.0,21.5725,0.0,Tensionada
78,3,CD,9.5725,13.5725,0.2603,21.5725,0.0,31.145,0.0,Tensionada
78,4,DE,12.0,14.0,0.2603,31.145,0.0,43.145,0.0,Neutra
78,5,FG,12.0657,16.0657,0.2603,0.0,5.2558,12.0,6.5135,Comprimida
78,6,GH,9.6447,13.6447,0.2603,12.0,6.5135,21.5725,7.6913,Comprimida
78,7,HI,9.6447,13.6447,0.2603,21.5725,7.6913,31.145,6.5135,Comprimida
78,8,IJ,12.0657,16.0657,0.2603,31.145,6.5135,43.145,5.2558,Comprimida
78,9,AF,5.2558,7.2558,0.2603,0.0,0.0,0.0,5.2558,Comprimida
78,10,GB,6.5135,10.5135,0.2603,12.0,6.5135,12.0,0.0,Comprimida
78,11,HC,7.6913,11.6913,0.2603,21.5725,7.6913,21.5725,0.0,Tensionada
78,12,ID,6.5135,10.5135,0.2603,31.145,6.5135,31.145,0.0,Comprimida
78,13,EJ,5.2558,7.2558,0.2603,43.145,0.0,43.145,5.2558,Comprimida
78,14,FB,13.1005,17.1005,0.2603,0.0,5.2558,12.0,0.0,Tensionada
78,15,GC,11.5784,15.5784,0.2603,12.0,6.5135,21.5725,0.0,Tensionada
78,16,IC,11.5784,15.5784,0.2603,31.145,6.5135,21.5725,0.0,Tensionada
78,17,JD,13.1005,17.1005,0.2603,43.145,5.2558,31.145,0.0,Tensionada
79,1,AB,12.0,14.0,0.2603,0.0,0.0,12.0,0.0,Neutra
79,2,BC,9.5725,13.5725,0.2603,12.0,0.0,21.5725,0.0,Tensionada
79,3,CD,9.5725,13.5725,0.2603,21.5725,0.0,31.145,0.0,Tensionada
79,4,DE,12.0,14.0,0.2603,31.145,0.0,43.145,0.0,Neutra
79,5,FG,12.0657,16.0657,0.2603,0.0,5.2558,12.0,6.5135,Comprimida
79,6,GH,9.6447,13.6447,0.2603,12.0,6.5135,21.5725,7.6913,Comprimida
79,7,HI,9.6447,13.6447,0.2603,21.5725,7.6913,31.145,6.5135,Comprimida
79,8,IJ,12.0657,16.0657,0.2603,31.145,6.5135,43.145,5.2558,Comprimida
79,9,AF,5.2558,7.2558,0.2603,0.0,0.0,0.0,5.2558,Comprimida
79,10,GB,6.5135,10.5135,0.2603,12.0,6.5135,12.0,0.0,Comprimida
79,11,HC,7.6913,11.6913,0.2603,21.5725,7.6913,21.5725,0.0,Tensionada
79,12,ID,6.5135,10.5135,0.2603,31.145,6.5135,31.145,0.0,Comprimida
79,13,EJ,5.2558,7.2558,0.2603,43.145,0.0,43.145,5.2558,Comprimida
79,14,FB,13.1005,17.1005,0.2603,0.0,5.2558,12.0,0.0,Tensionada
79,15,GC,11.5784,15.5784,0.2603,12.0,6.5135,21.5725,0.0,Tensionada
79,16,IC,11.5784,15.5784,0.2603,31.145,6.5135,21.5725,0.0,Tensionada
79,17,JD,13.1005,17.1005,0.2603,43.145,5.2558,31.145,0.0,Tensionada
80,1,AB,12.0,14.0,0.2603,0.0,0.0,12.0,0.0,Neutra
80,2,BC,9.5725,13.5725,0.2603,12.0,0.0,21.5725,0.0,Tensionada
80,3,CD,9.5725,13.5725,0.2603,21.5725,0.0,31.145,0.0,Tensionada
80,4,DE,12.0,14.0,0.2603,31.145,0.0,43.145,0.0,Neutra
80,5,FG,12.0657,16.0657,0.2603,0.0,5.2558,12.0,6.5135,Comprimida
80,6,GH,9.6447,13.6447,0.2603,12.0,6.5135,21.5725,7.6913,Comprimida
80,7,HI,9.6447,13.6447,0.2603,21.5725,7.6913,31.145,6.5135,Comprimida
80,8,IJ,12.0657,16.0657,0.2603,31.145,6.5135,43.145,5.2558,Comprimida
80,9,AF,5.2558,7.2558,0.2603,0.0,0.0,0.0,5.2558,Comprimida
80,10,GB,6.5135,10.5135,0.2603,12.0,6.5135,12.0,0.0,Comprimida
80,11,HC,7.6913,11.6913,0.2603,21.5725,7.6913,21.5725,0.0,Tensionada
80,12,ID,6.5135,10.5135,0.2603,31.145,6.5135,31.145,0.0,Comprimida
80,13,EJ,5.2558,7.2558,0.2603,43.145,0.0,43.145,5.2558,Comprimida
80,14,FB,13.1005,17.1005,0.2603,0.0,5.2558,12.0,0.0,Tensionada
80,15,GC,11.5784,15.5784,0.2603,12.0,6.5135,21.5725,0.0,Tensionada
80,16,IC,11.5784,15.5784,0.2603,31.145,6.5135,21.5725,0.0,Tensionada
80,17,JD,13.1005,17.1005,0.2603,43.145,5.2558,31.145,0.0,Tensionada
81,1,AB,12.0,14.0,0.2603,0.0,0.0,12.0,0.0,Neutra
81,2,BC,9.5725,13.5725,0.2603,12.0,0.0,21.5725,0.0,Tensionada
81,3,CD,9.5725,13.5725,0.2603,21.5725,0.0,31.145,0.0,Tensionada
81,4,DE,12.0,14.0,0.2603,31.145,0.0,43.145,0.0,Neutra
81,5,FG,12.0657,16.0657,0.2603,0.0,5.2558,12.0,6.5135,Comprimida
81,6,GH,9.6447,13.6447,0.2603,12.0,6.5135,21.5725,7.6913,Comprimida
81,7,HI,9.6447,13.6447,0.2603,21.5725,7.6913,31.145,6.5135,Comprimida
81,8,IJ,12.0657,16.0657,0.2603,31.145,6.5135,43.145,5.2558,Comprimida
81,9,AF,5.2558,7.2558,0.2603,0.0,0.0,0.0,5.2558,Comprimida
81,10,GB,6.5135,10.5135,0.2603,12.0,6.5135,12.0,0.0,Comprimida
81,11,HC,7.6913,11.6913,0.2603,21.5725,7.6913,21.5725,0.0,Tensionada
81,12,ID,6.5135,10.5135,0.2603,31.145,6.5135,31.145,0.0,Comprimida
81,13,EJ,5.2558,7.2558,0.2603,43.145,0.0,43.145,5.2558,Comprimida
81,14,FB,13.1005,17.1005,0.2603,0.0,5.2558,12.0,0.0,Tensionada
81,15,GC,11.5784,15.5784,0.2603,12.0,6.5135,21.5725,0.0,Tensionada
81,16,IC,11.5784,15.5784,0.2603,31.145,6.5135,21.5725,0.0,Tensionada
81,17,JD,13.1005,17.1005,0.2603,43.145,5.2558,31.145,0.0,Tensionada
82,1,AB,12.0,14.0,0.2603,0.0,0.0,12.0,0.0,Neutra
82,2,BC,9.5725,13.5725,0.2603,12.0,0.0,21.5725,0.0,Tensionada
82,3,CD,9.5725,13.5725,0.2603,21.5725,0.0,31.145,0.0,Tensionada
82,4,DE,12.0,14.0,0.2603,31.145,0.0,43.145,0.0,Neutra
82,5,FG,12.0657,16.0657,0.2603,0.0,5.2558,12.0,6.5135,Comprimida
82,6,GH,9.6447,13.6447,0.2603,12.0,6.5135,21.5725,7.6913,Comprimida
82,7,HI,9.6447,13.6447,0.2603,21.5725,7.6913,31.145,6.5135,Comprimida
82,8,IJ,12.0657,16.0657,0.2603,31.145,6.5135,43.145,5.2558,Comprimida
82,9,AF,5.2558,7.2558,0.2603,0.0,0.0,0.0,5.2558,Comprimida
82,10,GB,6.5135,10.5135,0.2603,12.0,6.5135,12.0,0.0,Comprimida
82,11,HC,7.6913,11.6913,0.2603,21.5725,7.6913,21.5725,0.0,Tensionada
82,12,ID,6.5135,10.5135,0.2603,31.145,6.5135,31.145,0.0,Comprimida
82,13,EJ,5.2558,7.2558,0.2603,43.145,0.0,43.145,5.2558,Comprimida
82,14,FB,13.1005,17.1005,0.2603,0.0,5.2558,12.0,0.0,Tensionada
82,15,GC,11.5784,15.5784,0.2603,12.0,6.5135,21.5725,0.0,Tensionada
82,16,IC,11.5784,15.5784,0.2603,31.145,6.5135,21.5725,0.0,Tensionada
82,17,JD,13.1005,17.1005,0.2603,43.145,5.2558,31.145,0.0,Tensionada
83,1,AB,12.0,14.0,0.2603,0.0,0.0,12.0,0.0,Neutra
83,2,BC,9.5725,13.5725,0.2603,12.0,0.0,21.5725,0.0,Tensionada
83,3,CD,9.5725,13.5725,0.2603,21.5725,0.0,31.145,0.0,Tensionada
83,4,DE,12.0,14.0,0.2603,31.145,0.0,43.145,0.0,Neutra
83,5,FG,12.0657,16.0657,0.2603,0.0,5.2558,12.0,6.5135,Comprimida
83,6,GH,9.6447,13.6447,0.2603,12.0,6.5135,21.5725,7.6913,Comprimida
83,7,HI,9.6447,13.6447,0.2603,21.5725,7.6913,31.145,6.5135,Comprimida
83,8,IJ,12.0657,16.0657,0.2603,31.145,6.5135,43.145,5.2558,Comprimida
83,9,AF,5.2558,7.2558,0.2603,0.0,0.0,0.0,5.2558,Comprimida
83,10,GB,6.5135,10.5135,0.2603,12.0,6.5135,12.0,0.0,Comprimida
83,11,HC,7.6913,11.6913,0.2603,21.5725,7.6913,21.5725,0.0,Tensionada
83,12,ID,6.5135,10.5135,0.2603,31.145,6.5135,31.145,0.0,Comprimida
83,13,EJ,5.2558,7.2558,0.2603,43.145,0.0,43.145,5.2558,Comprimida
83,14,FB,13.1005,17.1005,0.2603,0.0,5.2558,12.0,0.0,Tensionada
83,15,GC,11.5784,15.5784,0.2603,12.0,6.5135,21.5725,0.0,Tensionada
83,16,IC,11.5784,15.5784,0.2603,31.145,6.5135,21.5725,0.0,Tensionada
83,17,JD,13.1005,17.1005,0.2603,43.145,5.2558,31.145,0.0,Tensionada
84,1,AB,11.9733,13.9733,0.2633,0.0,0.0,11.9733,0.0,Neutra
84,2,BC,9.7237,13.7237,0.2633,11.9733,0.0,21.697,0.0,Tensionada
84,3,CD,9.7237,13.7237,0.2633,21.697,0.0,31.4207,0.0,Tensionada
84,4,DE,11.9733,13.9733,0.2633,31.4207,0.0,43.394,0.0,Neutra
84,5,FG,12.207,16.207,0.2633,0.0,5.0024,11.9733,7.3798,Comprimida
84,6,GH,9.7328,13.7328,0.2633,11.9733,7.3798,21.697,7.8,Comprimida
84,7,HI,9.7328,13.7328,0.2633,21.697,7.8,31.4207,7.3798,Comprimida
84,8,IJ,12.207,16.207,0.2633,31.4207,7.3798,43.394,5.0024,Comprimida
84,9,AF,5.0024,7.0024,0.2633,0.0,0.0,0.0,5.0024,Comprimida
84,10,GB,7.3798,11.3798,0.2633,11.9733,7.3798,11.9733,0.0,Comprimida
84,11,HC,7.8,11.8,0.2633,21.697,7.8,21.697,0.0,Tensionada
84,12,ID,7.3798,11.3798,0.2633,31.4207,7.3798,31.4207,0.0,Comprimida
84,13,EJ,5.0024,7.0024,0.2633,43.394,0.0,43.394,5.0024,Comprimida
84,14,FB,12.9762,16.9762,0.2633,0.0,5.0024,11.9733,0.0,Tensionada
84,15,GC,12.2071,16.2071,0.2633,11.9733,7.3798,21.697,0.0,Tensionada
84,16,IC,12.2071,16.2071,0.2633,31.4207,7.3798,21.697,0.0,Tensionada
84,17,JD,12.9762,16.9762,0.2633,43.394,5.0024,31.4207,0.0,Tensionada
85,1,AB,11.9733,13.9733,0.2633,0.0,0.0,11.9733,0.0,Neutra
85,2,BC,9.7237,13.7237,0.2633,11.9733,0.0,21.697,0.0,Tensionada
85,3,CD,9.7237,13.7237,0.2633,21.697,0.0,31.4207,0.0,Tensionada
85,4,DE,11.9733,13.9733,0.2633,31.4207,0.0,43.394,0.0,Neutra
85,5,FG,12.207,16.207,0.2633,0.0,5.0024,11.9733,7.3798,Comprimida
85,6,GH,9.7328,13.7328,0.2633,11.9733,7.3798,21.697,7.8,Comprimida
85,7,HI,9.7328,13.7328,0.2633,21.697,7.8,31.4207,7.3798,Comprimida
85,8,IJ,12.207,16.207,0.2633,31.4207,7.3798,43.394,5.0024,Comprimida
85,9,AF,5.0024,7.0024,0.2633,0.0,0.0,0.0,5.0024,Comprimida
85,10,GB,7.3798,11.3798,0.2633,11.9733,7.3798,11.9733,0.0,Comprimida
85,11,HC,7.8,11.8,0.2633,21.697,7.8,21.697,0.0,Tensionada
85,12,ID,7.3798,11.3798,0.2633,31.4207,7.3798,31.4207,0.0,Comprimida
85,13,EJ,5.0024,7.0024,0.2633,43.394,0.0,43.394,5.0024,Comprimida
85,14,FB,12.9762,16.9762,0.2633,0.0,5.0024,11.9733,0.0,Tensionada
85,15,GC,12.2071,16.2071,0.2633,11.9733,7.3798,21.697,0.0,Tensionada
85,16,IC,12.2071,16.2071,0.2633,31.4207,7.3798,21.697,0.0,Tensionada
85,17,JD,12.9762,16.9762,0.2633,43.394,5.0024,31.4207,0.0,Tensionada
86,1,AB,11.9733,13.9733,0.2633,0.0,0.0,11.9733,0.0,Neutra
86,2,BC,9.7237,13.7237,0.2633,11.9733,0.0,21.697,0.0,Tensionada
86,3,CD,9.7237,13.7237,0.2633,21.697,0.0,31.4207,0.0,Tensionada
86,4,DE,11.9733,13.9733,0.2633,31.4207,0.0,43.394,0.0,Neutra
86,5,FG,12.207,16.207,0.2633,0.0,5.0024,11.9733,7.3798,Comprimida
86,6,GH,9.7328,13.7328,0.2633,11.9733,7.3798,21.697,7.8,Comprimida
86,7,HI,9.7328,13.7328,0.2633,21.697,7.8,31.4207,7.3798,Comprimida
86,8,IJ,12.207,16.207,0.2633,31.4207,7.3798,43.394,5.0024,Comprimida
86,9,AF,5.0024,7.0024,0.2633,0.0,0.0,0.0,5.0024,Comprimida
86,10,GB,7.3798,11.3798,0.2633,11.9733,7.3798,11.9733,0.0,Comprimida
86,11,HC,7.8,11.8,0.2633,21.697,7.8,21.697,0.0,Tensionada
86,12,ID,7.3798,11.3798,0.2633,31.4207,7.3798,31.4207,0.0,Comprimida
86,13,EJ,5.0024,7.0024,0.2633,43.394,0.0,43.394,5.0024,Comprimida
86,14,FB,12.9762,16.9762,0.2633,0.0,5.0024,11.9733,0.0,Tensionada
86,15,GC,12.2071,16.2071,0.2633,11.9733,7.3798,21.697,0.0,Tensionada
86,16,IC,12.2071,16.2071,0.2633,31.4207,7.3798,21.697,0.0,Tensionada
86,17,JD,12.9762,16.9762,0.2633,43.394,5.0024,31.4207,0.0,Tensionada
87,1,AB,11.9733,13.9733,0.2633,0.0,0.0,11.9733,0.0,Neutra
87,2,BC,9.7237,13.7237,0.2633,11.9733,0.0,21.697,0.0,Tensionada
87,3,CD,9.7237,13.7237,0.2633,21.697,0.0,31.4207,0.0,Tensionada
87,4,DE,11.9733,13.9733,0.2633,31.4207,0.0,43.394,0.0,Neutra
87,5,FG,12.207,16.207,0.2633,0.0,5.0024,11.9733,7.3798,Comprimida
87,6,GH,9.7328,13.7328,0.2633,11.9733,7.3798,21.697,7.8,Comprimida
87,7,HI,9.7328,13.7328,0.2633,21.697,7.8,31.4207,7.3798,Comprimida
87,8,IJ,12.207,16.207,0.2633,31.4207,7.3798,43.394,5.0024,Comprimida
87,9,AF,5.0024,7.0024,0.2633,0.0,0.0,0.0,5.0024,Comprimida
87,10,GB,7.3798,11.3798,0.2633,11.9733,7.3798,11.9733,0.0,Comprimida
87,11,HC,7.8,11.8,0.2633,21.697,7.8,21.697,0.0,Tensionada
87,12,ID,7.3798,11.3798,0.2633,31.4207,7.3798,31.4207,0.0,Comprimida
87,13,EJ,5.0024,7.0024,0.2633,43.394,0.0,43.394,5.0024,Comprimida
87,14,FB,12.9762,16.9762,0.2633,0.0,5.0024,11.9733,0.0,Tensionada
87,15,GC,12.2071,16.2071,0.2633,11.9733,7.3798,21.697,0.0,Tensionada
87,16,IC,12.2071,16.2071,0.2633,31.4207,7.3798,21.697,0.0,Tensionada
87,17,JD,12.9762,16.9762,0.2633,43.394,5.0024,31.4207,0.0,Tensionada
88,1,AB,11.9733,13.9733,0.2633,0.0,0.0,11.9733,0.0,Neutra
88,2,BC,9.7237,13.7237,0.2633,11.9733,0.0,21.697,0.0,Tensionada
88,3,CD,9.7237,13.7237,0.2633,21.697,0.0,31.4207,0.0,Tensionada
88,4,DE,11.9733,13.9733,0.2633,31.4207,0.0,43.394,0.0,Neutra
88,5,FG,12.207,16.207,0.2633,0.0,5.0024,11.9733,7.3798,Comprimida
88,6,GH,9.7328,13.7328,0.2633,11.9733,7.3798,21.697,7.8,Comprimida
88,7,HI,9.7328,13.7328,0.2633,21.697,7.8,31.4207,7.3798,Comprimida
88,8,IJ,12.207,16.207,0.2633,31.4207,7.3798,43.394,5.0024,Comprimida
88,9,AF,5.0024,7.0024,0.2633,0.0,0.0,0.0,5.0024,Comprimida
88,10,GB,7.3798,11.3798,0.2633,11.9733,7.3798,11.9733,0.0,Comprimida
88,11,HC,7.8,11.8,0.2633,21.697,7.8,21.697,0.0,Tensionada
88,12,ID,7.3798,11.3798,0.2633,31.4207,7.3798,31.4207,0.0,Comprimida
88,13,EJ,5.0024,7.0024,0.2633,43.394,0.0,43.394,5.0024,Comprimida
88,14,FB,12.9762,16.9762,0.2633,0.0,5.0024,11.9733,0.0,Tensionada
88,15,GC,12.2071,16.2071,0.2633,11.9733,7.3798,21.697,0.0,Tensionada
88,16,IC,12.2071,16.2071,0.2633,31.4207,7.3798,21.697,0.0,Tensionada
88,17,JD,12.9762,16.9762,0.2633,43.394,5.0024,31.4207,0.0,Tensionada
89,1,AB,11.9733,13.9733,0.2633,0.0,0.0,11.9733,0.0,Neutra
89,2,BC,9.7237,13.7237,0.2633,11.9733,0.0,21.697,0.0,Tensionada
89,3,CD,9.7237,13.7237,0.2633,21.697,0.0,31.4207,0.0,Tensionada
89,4,DE,11.9733,13.9733,0.2633,31.4207,0.0,43.394,0.0,Neutra
89,5,FG,12.207,16.207,0.2633,0.0,5.0024,11.9733,7.3798,Comprimida
89,6,GH,9.7328,13.7328,0.2633,11.9733,7.3798,21.697,7.8,Comprimida
89,7,HI,9.7328,13.7328,0.2633,21.697,7.8,31.4207,7.3798,Comprimida
89,8,IJ,12.207,16.207,0.2633,31.4207,7.3798,43.394,5.0024,Comprimida
89,9,AF,5.0024,7.0024,0.2633,0.0,0.0,0.0,5.0024,Comprimida
89,10,GB,7.3798,11.3798,0.2633,11.9733,7.3798,11.9733,0.0,Comprimida
89,11,HC,7.8,11.8,0.2633,21.697,7.8,21.697,0.0,Tensionada
89,12,ID,7.3798,11.3798,0.2633,31.4207,7.3798,31.4207,0.0,Comprimida
89,13,EJ,5.0024,7.0024,0.2633,43.394,0.0,43.394,5.0024,Comprimida
89,14,FB,12.9762,16.9762,0.2633,0.0,5.0024,11.9733,0.0,Tensionada
89,15,GC,12.2071,16.2071,0.2633,11.9733,7.3798,21.697,0.0,Tensionada
89,16,IC,12.2071,16.2071,0.2633,31.4207,7.3798,21.697,0.0,Tensionada
89,17,JD,12.9762,16.9762,0.2633,43.394,5.0024,31.4207,0.0,Tensionada
90,1,AB,11.9733,13.9733,0.2633,0.0,0.0,11.9733,0.0,Neutra
90,2,BC,9.7237,13.7237,0.2633,11.9733,0.0,21.697,0.0,Tensionada
90,3,CD,9.7237,13.7237,0.2633,21.697,0.0,31.4207,0.0,Tensionada
90,4,DE,11.9733,13.9733,0.2633,31.4207,0.0,43.394,0.0,Neutra
90,5,FG,12.207,16.207,0.2633,0.0,5.0024,11.9733,7.3798,Comprimida
90,6,GH,9.7328,13.7328,0.2633,11.9733,7.3798,21.697,7.8,Comprimida
90,7,HI,9.7328,13.7328,0.2633,21.697,7.8,31.4207,7.3798,Comprimida
90,8,IJ,12.207,16.207,0.2633,31.4207,7.3798,43.394,5.0024,Comprimida
90,9,AF,5.0024,7.0024,0.2633,0.0,0.0,0.0,5.0024,Comprimida
90,10,GB,7.3798,11.3798,0.2633,11.9733,7.3798,11.9733,0.0,Comprimida
90,11,HC,7.8,11.8,0.2633,21.697,7.8,21.697,0.0,Tensionada
90,12,ID,7.3798,11.3798,0.2633,31.4207,7.3798,31.4207,0.0,Comprimida
90,13,EJ,5.0024,7.0024,0.2633,43.394,0.0,43.394,5.0024,Comprimida
90,14,FB,12.9762,16.9762,0.2633,0.0,5.0024,11.9733,0.0,Tensionada
90,15,GC,12.2071,16.2071,0.2633,11.9733,7.3798,21.697,0.0,Tensionada
90,16,IC,12.2071,16.2071,0.2633,31.4207,7.3798,21.697,0.0,Tensionada
90,17,JD,12.9762,16.9762,0.2633,43.394,5.0024,31.4207,0.0,Tensionada
